Business Name,Business Type,Category,Sub Category,Full Address,Area,City,Country,Pincode/Postcode,Phone Number,Website,Google Rating,Total Reviews,Opening Time,Closing Time,Full Timing,Google Maps URL,Latitude,Longitude,Search Pincode/Postcode,Search Query,Scraped Date/Time
TechnoAdviser Technologies Private Limited,,It Company,It Company,Titanium Business Park B 1003 Railway Underpass/Crossing off Sarkhej Gandhinagar Highway near Makarba,Titanium Business Park B,Ahmedabad,India,380051,8490911181,http://www.technoadviser.com/,4.9,4,,8 PM,Open · Closes 8 PM,"https://www.google.com/maps/place/TechnoAdviser+Technologies+Private+Limited/@22.9973695,72.4972781,17z/data=!4m10!1m2!2m1!1sIt+Company+in+380051+Ahmedabad+it+company+titanium+business+park,!3m6!1s0x395e9b2973937fd5:0xe74d845033956f41!8m2!3d22.9973695!4d72.5020417!15sCkFJdCBDb21wYW55IGluIDM4MDA1MSBBaG1lZGFiYWQgaXQgY29tcGFueSB0aXRhbml1bSBidXNpbmVzcyBwYXJrLJIBEHNvZnR3YXJlX2NvbXBhbnngAQA!16s%2Fg%2F11c3w9s7z4?hl=en&entry=ttu&g_ep=EgoyMDI2MDgxOS4wIKXMDSoASAFQAw%3D%3D",22.9973695,72.4972781,380051,"It Company in 380051 Ahmedabad it company titanium business park,",2026-08-25 18:23:20
Prioxis Technologies,,It Company,It Company,Titanium Business Park B 1203-1208 Corporate Rd,Titanium Business Park B 1203-1208 Corporate Rd,Ahmedabad,India,380051,9054272806,https://www.prioxis.com/,4.6,4,,9 PM,Open · Closes 9 PM,"https://www.google.com/maps/place/Prioxis+Technologies/@22.9973695,72.4972781,17z/data=!4m10!1m2!2m1!1sIt+Company+in+380051+Ahmedabad+it+company+titanium+business+park,!3m6!1s0x395e9bf28a6c5661:0xe2209b3edc34b14!8m2!3d22.9974972!4d72.5017743!15sCkFJdCBDb21wYW55IGluIDM4MDA1MSBBaG1lZGFiYWQgaXQgY29tcGFueSB0aXRhbml1bSBidXNpbmVzcyBwYXJrLFpCIkBpdCBjb21wYW55IGluIDM4MDA1MSBhaG1lZGFiYWQgaXQgY29tcGFueSB0aXRhbml1bSBidXNpbmVzcyBwYXJrkgEQc29mdHdhcmVfY29tcGFueeABAA!16s%2Fg%2F11h0thx62f?hl=en&entry=ttu&g_ep=EgoyMDI2MDgxOS4wIKXMDSoASAFQAw%3D%3D",22.9973695,72.4972781,380051,"It Company in 380051 Ahmedabad it company titanium business park,",2026-08-25 18:23:26
Techscope Technologies Pvt Ltd.,,It Company,It Company,Titanium Business Park A-714 Underpass near Makarba off Corporate Road,Titanium Business Park A-714 Underpass near Makarba off Corporate Road,Ahmedabad,India,380051,8460912882,https://techscope.co.in/,5.0,5,,7 PM,Open · Closes 7 PM,"https://www.google.com/maps/place/Techscope+Technologies+Pvt+Ltd./@22.9973695,72.4972781,17z/data=!4m10!1m2!2m1!1sIt+Company+in+380051+Ahmedabad+it+company+titanium+business+park,!3m6!1s0x395e9bd4ae2f70f7:0x9c6cd79480842575!8m2!3d22.9975342!4d72.5021611!15sCkFJdCBDb21wYW55IGluIDM4MDA1MSBBaG1lZGFiYWQgaXQgY29tcGFueSB0aXRhbml1bSBidXNpbmVzcyBwYXJrLFpCIkBpdCBjb21wYW55IGluIDM4MDA1MSBhaG1lZGFiYWQgaXQgY29tcGFueSB0aXRhbml1bSBidXNpbmVzcyBwYXJrkgEQc29mdHdhcmVfY29tcGFueeABAA!16s%2Fg%2F11p6r98t9p?hl=en&entry=ttu&g_ep=EgoyMDI2MDgxOS4wIKXMDSoASAFQAw%3D%3D",22.9973695,72.4972781,380051,"It Company in 380051 Ahmedabad it company titanium business park,",2026-08-25 18:23:32
Webking Solutions,,It Company,It Company,Titanium Business Park C-1102 near Underbridge,Titanium Business Park C-1102 near Underbridge,Ahmedabad,India,380051,9427206159,http://www.webkingsolutions.com/,4.9,4,,11 PM,Open · Closes 11 PM,"https://www.google.com/maps/place/Webking+Solutions/@22.9973695,72.4972781,17z/data=!4m10!1m2!2m1!1sIt+Company+in+380051+Ahmedabad+it+company+titanium+business+park,!3m6!1s0x395e852baaaaaaab:0x995e79afb02f413f!8m2!3d22.9973266!4d72.5019976!15sCkFJdCBDb21wYW55IGluIDM4MDA1MSBBaG1lZGFiYWQgaXQgY29tcGFueSB0aXRhbml1bSBidXNpbmVzcyBwYXJrLFpCIkBpdCBjb21wYW55IGluIDM4MDA1MSBhaG1lZGFiYWQgaXQgY29tcGFueSB0aXRhbml1bSBidXNpbmVzcyBwYXJrkgEQc29mdHdhcmVfY29tcGFueeABAA!16s%2Fg%2F1vd749bx?hl=en&entry=ttu&g_ep=EgoyMDI2MDgxOS4wIKXMDSoASAFQAw%3D%3D",22.9973695,72.4972781,380051,"It Company in 380051 Ahmedabad it company titanium business park,",2026-08-25 18:23:37
Tejoria Infra Pvt Ltd,,It Company,,Corporate office Under pass A 112 Corporate Rd near Makarba,Corporate office Under pass A 112 Corporate Rd near Makarba,Ahmedabad,India,380051,9215959500,http://www.tejoria.com/,4.6,4,11 AM,,Closed · Opens 11 AM,"https://www.google.com/maps/place/Tejoria+Infra+Pvt+Ltd/@22.9973695,72.4972781,17z/data=!4m10!1m2!2m1!1sIt+Company+in+380051+Ahmedabad+it+company+titanium+business+park,!3m6!1s0x395e9b2a41bde76d:0xdf3dc198626a6d56!8m2!3d22.9973266!4d72.5019976!15sCkFJdCBDb21wYW55IGluIDM4MDA1MSBBaG1lZGFiYWQgaXQgY29tcGFueSB0aXRhbml1bSBidXNpbmVzcyBwYXJrLJIBEGNvcnBvcmF0ZV9vZmZpY2XgAQA!16s%2Fg%2F11sv12pcsc?hl=en&entry=ttu&g_ep=EgoyMDI2MDgxOS4wIKXMDSoASAFQAw%3D%3D",22.9973695,72.4972781,380051,"It Company in 380051 Ahmedabad it company titanium business park,",2026-08-25 18:23:43
AppUnik,,It Company,It Company,Block D Titanium Business Park Office Nos 102–105,Block D Titanium Business Park Office Nos 102–105,Ahmedabad,India,380051,7435047427,https://appunik.ai/,4.9,4,,7 PM,Open · Closes 7 PM,"https://www.google.com/maps/place/AppUnik/@22.9973695,72.4972781,17z/data=!4m10!1m2!2m1!1sIt+Company+in+380051+Ahmedabad+it+company+titanium+business+park,!3m6!1s0x395e8f7e82ce2cbb:0x751e17818d8edecc!8m2!3d22.9973266!4d72.5019976!15sCkFJdCBDb21wYW55IGluIDM4MDA1MSBBaG1lZGFiYWQgaXQgY29tcGFueSB0aXRhbml1bSBidXNpbmVzcyBwYXJrLJIBEHNvZnR3YXJlX2NvbXBhbnngAQA!16s%2Fg%2F11grq186s4?hl=en&entry=ttu&g_ep=EgoyMDI2MDgxOS4wIKXMDSoASAFQAw%3D%3D",22.9973695,72.4972781,380051,"It Company in 380051 Ahmedabad it company titanium business park,",2026-08-25 18:23:48
QalbIT Infotech Pvt Ltd,,It Company,It Company,Siddhi Vinayak Towers C-109 Sarkhej Gandhinagar Hwy near Kataria Arcade,Siddhi Vinayak Towers C-109 Sarkhej,Ahmedabad,India,380051,8511900440,https://qalbit.com/,4.8,4,,7 PM,Open · Closes 7 PM,"https://www.google.com/maps/place/QalbIT+Infotech+Pvt+Ltd/@22.9930062,72.4941965,17z/data=!4m10!1m2!2m1!1sIt+Company+in+380051+Ahmedabad+it+company+titanium+business+park,!3m6!1s0x395e9b4dcb551825:0xd2ca8b0aa98f5d41!8m2!3d22.9930062!4d72.4989601!15sCkFJdCBDb21wYW55IGluIDM4MDA1MSBBaG1lZGFiYWQgaXQgY29tcGFueSB0aXRhbml1bSBidXNpbmVzcyBwYXJrLFpCIkBpdCBjb21wYW55IGluIDM4MDA1MSBhaG1lZGFiYWQgaXQgY29tcGFueSB0aXRhbml1bSBidXNpbmVzcyBwYXJrkgEQc29mdHdhcmVfY29tcGFueeABAA!16s%2Fg%2F11h4030jl3?hl=en&entry=ttu&g_ep=EgoyMDI2MDgxOS4wIKXMDSoASAFQAw%3D%3D",22.9930062,72.4941965,380051,"It Company in 380051 Ahmedabad it company titanium business park,",2026-08-25 18:23:53
Simplora Tech Pvt Ltd,,It Company,It Company,Titanium Business Park A-1208 nr. Railway Under Bridge,Titanium Business Park A-1208 nr. Railway Under Bridge,Ahmedabad,India,380051,,https://www.simploratech.com/,5.0,5,,6:30 PM,Open · Closes 6:30 PM,"https://www.google.com/maps/place/Simplora+Tech+Pvt+Ltd/@22.9973787,72.4971741,17z/data=!4m10!1m2!2m1!1sIt+Company+in+380051+Ahmedabad+it+company+titanium+business+park,!3m6!1s0x395e9bccf8c4491d:0xd9035373f5b8b64c!8m2!3d22.9973787!4d72.5019377!15sCkFJdCBDb21wYW55IGluIDM4MDA1MSBBaG1lZGFiYWQgaXQgY29tcGFueSB0aXRhbml1bSBidXNpbmVzcyBwYXJrLFpCIkBpdCBjb21wYW55IGluIDM4MDA1MSBhaG1lZGFiYWQgaXQgY29tcGFueSB0aXRhbml1bSBidXNpbmVzcyBwYXJrkgEQc29mdHdhcmVfY29tcGFueeABAA!16s%2Fg%2F11msdqgq_s?hl=en&entry=ttu&g_ep=EgoyMDI2MDgxOS4wIKXMDSoASAFQAw%3D%3D",22.9973787,72.4971741,380051,"It Company in 380051 Ahmedabad it company titanium business park,",2026-08-25 18:23:58
THE LEO TECH,,It Company,It Company,Titanium Business Park,Titanium Business Park,Ahmedabad,India,380051,9265659638,https://theleotech.com/,4.9,4,,7 PM,Open · Closes 7 PM,"https://www.google.com/maps/place/THE+LEO+TECH/@22.9973787,72.4971741,17z/data=!3m1!5s0x395e9ad7cde8b059:0x5a0de0437fc670b5!4m10!1m2!2m1!1sIt+Company+in+380051+Ahmedabad+it+company+titanium+business+park,!3m6!1s0x839d4375326a4183:0x1adb5ce19465f57c!8m2!3d22.9973695!4d72.5020417!15sCkFJdCBDb21wYW55IGluIDM4MDA1MSBBaG1lZGFiYWQgaXQgY29tcGFueSB0aXRhbml1bSBidXNpbmVzcyBwYXJrLJIBEHNvZnR3YXJlX2NvbXBhbnngAQA!16s%2Fg%2F11wfl2d3lw?hl=en&entry=ttu&g_ep=EgoyMDI2MDgxOS4wIKXMDSoASAFQAw%3D%3D",22.9973787,72.4971741,380051,"It Company in 380051 Ahmedabad it company titanium business park,",2026-08-25 18:24:05
Gamma Byte Technology LLP,,It Company,It Company,B/h Divyabhaskar Press A 1103 Titanium Business Park Nr Makarba railway crossing / garden,1103 Titanium Business Park Nr Makarba railway crossing / garden,Ahmedabad,India,380051,7359413187,http://gammabytetechnology.com/,5.0,5,,9 PM,Open · Closes 9 PM,"https://www.google.com/maps/place/Gamma+Byte+Technology+LLP/@22.9973787,72.4971741,17z/data=!4m10!1m2!2m1!1sIt+Company+in+380051+Ahmedabad+it+company+titanium+business+park,!3m6!1s0x395e9b11d6470193:0xcad0fa6f217da1b8!8m2!3d22.9974369!4d72.5018513!15sCkFJdCBDb21wYW55IGluIDM4MDA1MSBBaG1lZGFiYWQgaXQgY29tcGFueSB0aXRhbml1bSBidXNpbmVzcyBwYXJrLFpCIkBpdCBjb21wYW55IGluIDM4MDA1MSBhaG1lZGFiYWQgaXQgY29tcGFueSB0aXRhbml1bSBidXNpbmVzcyBwYXJrkgEQc29mdHdhcmVfY29tcGFueeABAA!16s%2Fg%2F11pz7s52l3?hl=en&entry=ttu&g_ep=EgoyMDI2MDgxOS4wIKXMDSoASAFQAw%3D%3D",22.9973787,72.4971741,380051,"It Company in 380051 Ahmedabad it company titanium business park,",2026-08-25 18:24:09
Jarvis Technolabs,,It Company,It Company,Titanium Business Park B-603 Corporate Rd,Titanium Business Park B-603 Corporate Rd,Ahmedabad,India,380051,,https://jarvistechnolabs.com/,4.6,4,,8 PM,Open · Closes 8 PM,"https://www.google.com/maps/place/Jarvis+Technolabs/@22.9973787,72.4971741,17z/data=!4m10!1m2!2m1!1sIt+Company+in+380051+Ahmedabad+it+company+titanium+business+park,!3m6!1s0x395e84d5785e5d1d:0x6cccbf06b3d16ba1!8m2!3d22.9972712!4d72.5022292!15sCkFJdCBDb21wYW55IGluIDM4MDA1MSBBaG1lZGFiYWQgaXQgY29tcGFueSB0aXRhbml1bSBidXNpbmVzcyBwYXJrLJIBEHNvZnR3YXJlX2NvbXBhbnngAQA!16s%2Fg%2F11fxx6gf28?hl=en&entry=ttu&g_ep=EgoyMDI2MDgxOS4wIKXMDSoASAFQAw%3D%3D",22.9973787,72.4971741,380051,"It Company in 380051 Ahmedabad it company titanium business park,",2026-08-25 18:24:14
Crest Coder Private Limited,,It Company,It Company,Titanium Business Park D-1307/08 near Railway Bridge,Titanium Business Park D-1307/08 near Railway Bridge,Ahmedabad,India,380051,9714116282,https://www.crestcoder.com/,4.6,4,,7 PM,Open · Closes 7 PM,"https://www.google.com/maps/place/Crest+Coder+Private+Limited/@22.9973787,72.4971741,17z/data=!4m10!1m2!2m1!1sIt+Company+in+380051+Ahmedabad+it+company+titanium+business+park,!3m6!1s0x395e9adc06e65d4d:0x95bb371a87f7639b!8m2!3d22.9973266!4d72.5019976!15sCkFJdCBDb21wYW55IGluIDM4MDA1MSBBaG1lZGFiYWQgaXQgY29tcGFueSB0aXRhbml1bSBidXNpbmVzcyBwYXJrLFpCIkBpdCBjb21wYW55IGluIDM4MDA1MSBhaG1lZGFiYWQgaXQgY29tcGFueSB0aXRhbml1bSBidXNpbmVzcyBwYXJrkgEQc29mdHdhcmVfY29tcGFueeABAA!16s%2Fg%2F11f5bgxsgr?hl=en&entry=ttu&g_ep=EgoyMDI2MDgxOS4wIKXMDSoASAFQAw%3D%3D",22.9973787,72.4971741,380051,"It Company in 380051 Ahmedabad it company titanium business park,",2026-08-25 18:24:19
SM Infosoft Pvt Ltd,,It Company,It Company,Titanium Business Park A-1312 Vastrapur Station Rd near Sammet Platinum,Titanium Business Park A-1312 Vastrapur Station Rd near Sammet Platinum,Ahmedabad,India,380051,9725753035,https://www.acmeinfosoft.com/,4.9,4,,7 PM,Open · Closes 7 PM,"https://www.google.com/maps/place/SM+Infosoft+Pvt+Ltd/@22.9973787,72.4971741,17z/data=!4m10!1m2!2m1!1sIt+Company+in+380051+Ahmedabad+it+company+titanium+business+park,!3m6!1s0x395e84c57d2c45f9:0xed076f6cc9f22f0c!8m2!3d22.9974301!4d72.5018736!15sCkFJdCBDb21wYW55IGluIDM4MDA1MSBBaG1lZGFiYWQgaXQgY29tcGFueSB0aXRhbml1bSBidXNpbmVzcyBwYXJrLFpCIkBpdCBjb21wYW55IGluIDM4MDA1MSBhaG1lZGFiYWQgaXQgY29tcGFueSB0aXRhbml1bSBidXNpbmVzcyBwYXJrkgEaaW50ZXJuZXRfbWFya2V0aW5nX3NlcnZpY2XgAQA!16s%2Fg%2F1thq87w6?hl=en&entry=ttu&g_ep=EgoyMDI2MDgxOS4wIKXMDSoASAFQAw%3D%3D",22.9973787,72.4971741,380051,"It Company in 380051 Ahmedabad it company titanium business park,",2026-08-25 18:24:24
Sysroot Technologies,,It Company,It Company,Titanium Business Park D906,Titanium Business Park D906,Ahmedabad,India,380051,,https://www.sysroot.in/,5.0,5,,7 PM,Open · Closes 7 PM,"https://www.google.com/maps/place/Sysroot+Technologies/@22.9973787,72.4971741,17z/data=!4m10!1m2!2m1!1sIt+Company+in+380051+Ahmedabad+it+company+titanium+business+park,!3m6!1s0x28ba396e807666fd:0x89963424f28cb105!8m2!3d22.9974958!4d72.5019125!15sCkFJdCBDb21wYW55IGluIDM4MDA1MSBBaG1lZGFiYWQgaXQgY29tcGFueSB0aXRhbml1bSBidXNpbmVzcyBwYXJrLFpCIkBpdCBjb21wYW55IGluIDM4MDA1MSBhaG1lZGFiYWQgaXQgY29tcGFueSB0aXRhbml1bSBidXNpbmVzcyBwYXJrkgEdY29tcHV0ZXJfc3VwcG9ydF9hbmRfc2VydmljZXPgAQA!16s%2Fg%2F11zh5r_262?hl=en&entry=ttu&g_ep=EgoyMDI2MDgxOS4wIKXMDSoASAFQAw%3D%3D",22.9973787,72.4971741,380051,"It Company in 380051 Ahmedabad it company titanium business park,",2026-08-25 18:24:30
HB Softweb,,It Company,It Company,Titanium Business Park A-1101 Underpass near Makarba off Corporate Road,Titanium Business Park A-1101 Underpass near Makarba off Corporate Road,Ahmedabad,India,380051,9099567367,https://hbsoftweb.com/,4.9,4,,7 PM,Open · Closes 7 PM,"https://www.google.com/maps/place/HB+Softweb/@22.9973787,72.4971741,17z/data=!4m10!1m2!2m1!1sIt+Company+in+380051+Ahmedabad+it+company+titanium+business+park,!3m6!1s0x395e8674463a1977:0x5601f139229739bf!8m2!3d22.9975196!4d72.5021662!15sCkFJdCBDb21wYW55IGluIDM4MDA1MSBBaG1lZGFiYWQgaXQgY29tcGFueSB0aXRhbml1bSBidXNpbmVzcyBwYXJrLJIBD2JyYW5kaW5nX2FnZW5jeeABAA!16s%2Fg%2F11bt_8pw0d?hl=en&entry=ttu&g_ep=EgoyMDI2MDgxOS4wIKXMDSoASAFQAw%3D%3D",22.9973787,72.4971741,380051,"It Company in 380051 Ahmedabad it company titanium business park,",2026-08-25 18:24:37
DevRepublic India,,It Company,It Company,11th Floor whole Nr. Railway Under Bridge Titanium Business Park Block D B/h behind Divyabhaskar Press,11th Floor whole Nr. Railway Under Bridge Titanium Business Park Block D B/h behind Divyabhaskar Press,Ahmedabad,India,380051,9106955616,http://www.devrepublic.nl/,4.5,4,,7 PM,Open · Closes 7 PM,"https://www.google.com/maps/place/DevRepublic+India/@22.9973787,72.4971741,17z/data=!4m10!1m2!2m1!1sIt+Company+in+380051+Ahmedabad+it+company+titanium+business+park,!3m6!1s0x395e9b2782d4531f:0x3f692a775c0ff828!8m2!3d22.9975979!4d72.5021924!15sCkFJdCBDb21wYW55IGluIDM4MDA1MSBBaG1lZGFiYWQgaXQgY29tcGFueSB0aXRhbml1bSBidXNpbmVzcyBwYXJrLJIBEHNvZnR3YXJlX2NvbXBhbnngAQA!16s%2Fg%2F11b77_bwzt?hl=en&entry=ttu&g_ep=EgoyMDI2MDgxOS4wIKXMDSoASAFQAw%3D%3D",22.9973787,72.4971741,380051,"It Company in 380051 Ahmedabad it company titanium business park,",2026-08-25 18:24:41
ABCOM Private Limited,,It Company,It Company,Titanium Business Park A-707,Titanium Business Park A-707,Ahmedabad,India,380051,9867420573,https://www.abcom.in/,4.7,4,,10:30 PM,Open · Closes 10:30 PM,"https://www.google.com/maps/place/ABCOM+Private+Limited/@22.9973787,72.4971741,17z/data=!4m10!1m2!2m1!1sIt+Company+in+380051+Ahmedabad+it+company+titanium+business+park,!3m6!1s0x395e9bf14dfa6331:0x2f71f90855d49365!8m2!3d22.997443!4d72.5021191!15sCkFJdCBDb21wYW55IGluIDM4MDA1MSBBaG1lZGFiYWQgaXQgY29tcGFueSB0aXRhbml1bSBidXNpbmVzcyBwYXJrLFpCIkBpdCBjb21wYW55IGluIDM4MDA1MSBhaG1lZGFiYWQgaXQgY29tcGFueSB0aXRhbml1bSBidXNpbmVzcyBwYXJrkgEWY29tcHV0ZXJfcmVudGFsX2FnZW5jeeABAA!16s%2Fg%2F11zjmdzd9w?hl=en&entry=ttu&g_ep=EgoyMDI2MDgxOS4wIKXMDSoASAFQAw%3D%3D",22.9973787,72.4971741,380051,"It Company in 380051 Ahmedabad it company titanium business park,",2026-08-25 18:24:52
Cosmoxyn,,It Company,It Company,Under Pass Titanium Business Park C-502 Corporate Rd,Under Pass Titanium Business Park C-502 Corporate Rd,Ahmedabad,India,380051,9213909653,https://cosmoxyn.com/,4.3,4,,7 PM,Open · Closes 7 PM,"https://www.google.com/maps/place/Cosmoxyn/@22.9973787,72.4971741,17z/data=!4m10!1m2!2m1!1sIt+Company+in+380051+Ahmedabad+it+company+titanium+business+park,!3m6!1s0x395e9b3686dcab4d:0x6eacfa7caff9e75e!8m2!3d22.9971227!4d72.5025893!15sCkFJdCBDb21wYW55IGluIDM4MDA1MSBBaG1lZGFiYWQgaXQgY29tcGFueSB0aXRhbml1bSBidXNpbmVzcyBwYXJrLFpCIkBpdCBjb21wYW55IGluIDM4MDA1MSBhaG1lZGFiYWQgaXQgY29tcGFueSB0aXRhbml1bSBidXNpbmVzcyBwYXJrkgEQc29mdHdhcmVfY29tcGFueeABAA!16s%2Fg%2F11wc2tr0p1?hl=en&entry=ttu&g_ep=EgoyMDI2MDgxOS4wIKXMDSoASAFQAw%3D%3D",22.9973787,72.4971741,380051,"It Company in 380051 Ahmedabad it company titanium business park,",2026-08-25 18:25:03
SnB Innovations,,It Company,It Company,Titanium Business Park A-308,Titanium Business Park A-308,Ahmedabad,India,380051,6353584200,https://snbinnovations.io/,5.0,5,,7 PM,Open · Closes 7 PM,"https://www.google.com/maps/place/SnB+Innovations/@22.9973787,72.4971741,17z/data=!4m10!1m2!2m1!1sIt+Company+in+380051+Ahmedabad+it+company+titanium+business+park,!3m6!1s0x395e9b0020209769:0x6771e333fdb68b37!8m2!3d22.9973594!4d72.5019971!15sCkFJdCBDb21wYW55IGluIDM4MDA1MSBBaG1lZGFiYWQgaXQgY29tcGFueSB0aXRhbml1bSBidXNpbmVzcyBwYXJrLJIBEHNvZnR3YXJlX2NvbXBhbnngAQA!16s%2Fg%2F11m6n93sr5?hl=en&entry=ttu&g_ep=EgoyMDI2MDgxOS4wIKXMDSoASAFQAw%3D%3D",22.9973787,72.4971741,380051,"It Company in 380051 Ahmedabad it company titanium business park,",2026-08-25 18:25:08
Clients Now Technologies,,It Company,It Company,Titanium Business Park D 606 607 & 608 Corporate Rd near Makarba,Titanium Business Park D 606 607 & 608 Corporate Rd near Makarba,Ahmedabad,India,380051,8968027027,https://www.clientsnow.in/seo-services-in-ahmedabad.php#utm_source=google+map&utm_medium=website+click+from+GMB&utm_campaign=clientsnow&utm_id=clientsnow+&utm_term=organic+&utm_content=best+SEO+services+in+ahmedabad,4.9,4,12:00 AM,11:59 PM,Open 24 hours,"https://www.google.com/maps/place/Clients+Now+Technologies/@22.9973787,72.4971741,17z/data=!4m10!1m2!2m1!1sIt+Company+in+380051+Ahmedabad+it+company+titanium+business+park,!3m6!1s0x395e9b5215aaa983:0x7f485e91e9bc610f!8m2!3d22.9973266!4d72.5019976!15sCkFJdCBDb21wYW55IGluIDM4MDA1MSBBaG1lZGFiYWQgaXQgY29tcGFueSB0aXRhbml1bSBidXNpbmVzcyBwYXJrLFpCIkBpdCBjb21wYW55IGluIDM4MDA1MSBhaG1lZGFiYWQgaXQgY29tcGFueSB0aXRhbml1bSBidXNpbmVzcyBwYXJrkgEaaW50ZXJuZXRfbWFya2V0aW5nX3NlcnZpY2XgAQA!16s%2Fg%2F11v01t2pss?hl=en&entry=ttu&g_ep=EgoyMDI2MDgxOS4wIKXMDSoASAFQAw%3D%3D",22.9973787,72.4971741,380051,"It Company in 380051 Ahmedabad it company titanium business park,",2026-08-25 18:25:12
expertiqo,,It Company,It Company,Titanium Business Park C – 709,Titanium Business Park C – 709,Ahmedabad,India,380051,7203072080,https://www.expertiqo.com/,5.0,111,,11 PM,Open · Closes 11 PM,"https://www.google.com/maps/place/expertiqo/@22.9973787,72.4971741,17z/data=!4m10!1m2!2m1!1sIt+Company+in+380051+Ahmedabad+it+company+titanium+business+park,!3m6!1s0x395e9b7944bdb33d:0x6cdd5b8090bdf9ea!8m2!3d22.9973915!4d72.5019574!15sCkFJdCBDb21wYW55IGluIDM4MDA1MSBBaG1lZGFiYWQgaXQgY29tcGFueSB0aXRhbml1bSBidXNpbmVzcyBwYXJrLFpCIkBpdCBjb21wYW55IGluIDM4MDA1MSBhaG1lZGFiYWQgaXQgY29tcGFueSB0aXRhbml1bSBidXNpbmVzcyBwYXJrkgEQc29mdHdhcmVfY29tcGFueeABAA!16s%2Fg%2F11w1rf0zg9?hl=en&entry=ttu&g_ep=EgoyMDI2MDgxOS4wIKXMDSoASAFQAw%3D%3D",22.9973787,72.4971741,380051,"It Company in 380051 Ahmedabad it company titanium business park,",2026-08-25 18:25:19
Kudos Technolabs,,It Company,It Company,B/h Divya Bhaskar Press C-901 Titanium Business Park Railway Crossing near Makaraba,B/h Divya Bhaskar Press C-901 Titanium Business Park Railway Crossing near Makaraba,Ahmedabad,India,380051,9054482317,https://www.kudostechnolabs.com/,4.9,111,,9:30 PM,Open · Closes 9:30 PM,"https://www.google.com/maps/place/Kudos+Technolabs/@22.9973787,72.4971741,17z/data=!4m10!1m2!2m1!1sIt+Company+in+380051+Ahmedabad+it+company+titanium+business+park,!3m6!1s0x395e9b467b31190d:0x65b4494489e9f5b2!8m2!3d22.9973266!4d72.5019976!15sCkFJdCBDb21wYW55IGluIDM4MDA1MSBBaG1lZGFiYWQgaXQgY29tcGFueSB0aXRhbml1bSBidXNpbmVzcyBwYXJrLFpCIkBpdCBjb21wYW55IGluIDM4MDA1MSBhaG1lZGFiYWQgaXQgY29tcGFueSB0aXRhbml1bSBidXNpbmVzcyBwYXJrkgEQc29mdHdhcmVfY29tcGFueeABAA!16s%2Fg%2F11tchns5t3?hl=en&entry=ttu&g_ep=EgoyMDI2MDgxOS4wIKXMDSoASAFQAw%3D%3D",22.9973787,72.4971741,380051,"It Company in 380051 Ahmedabad it company titanium business park,",2026-08-25 18:25:21
AppJockeys Infotech Private Limited,,It Company,It Company,Titanium Business Park D-704 Sarkhej Gandhinagar Hwy nr. Makarba,Titanium Business Park D-704 Sarkhej,Ahmedabad,India,380051,,https://www.appjockeys.com/,5.0,111,,,,"https://www.google.com/maps/place/AppJockeys+Infotech+Private+Limited/@22.9973787,72.4971741,17z/data=!4m10!1m2!2m1!1sIt+Company+in+380051+Ahmedabad+it+company+titanium+business+park,!3m6!1s0x395e9bf4e6f1528f:0xb5b36252371ae4c2!8m2!3d22.9973968!4d72.5020464!15sCkFJdCBDb21wYW55IGluIDM4MDA1MSBBaG1lZGFiYWQgaXQgY29tcGFueSB0aXRhbml1bSBidXNpbmVzcyBwYXJrLJIBEHNvZnR3YXJlX2NvbXBhbnngAQA!16s%2Fg%2F11s78g5zr6?hl=en&entry=ttu&g_ep=EgoyMDI2MDgxOS4wIKXMDSoASAFQAw%3D%3D",22.9973787,72.4971741,380051,"It Company in 380051 Ahmedabad it company titanium business park,",2026-08-25 18:25:22
Pixent Interactive Private Limited,,It Company,It Company,Titanium Business Park D-510 behind Divyabhaskar Press near Railway Under Bridge,Titanium Business Park D-510 behind Divyabhaskar Press near Railway Under Bridge,Ahmedabad,India,380051,7600503441,https://pixentinteractive.com/,5.0,111,,7 PM,Open · Closes 7 PM,"https://www.google.com/maps/place/Pixent+Interactive+Private+Limited/@22.9973787,72.4971741,17z/data=!4m10!1m2!2m1!1sIt+Company+in+380051+Ahmedabad+it+company+titanium+business+park,!3m6!1s0x395e9bdf89256449:0x1eb9aa8e6dbc5dc8!8m2!3d22.9973859!4d72.5023371!15sCkFJdCBDb21wYW55IGluIDM4MDA1MSBBaG1lZGFiYWQgaXQgY29tcGFueSB0aXRhbml1bSBidXNpbmVzcyBwYXJrLFpCIkBpdCBjb21wYW55IGluIDM4MDA1MSBhaG1lZGFiYWQgaXQgY29tcGFueSB0aXRhbml1bSBidXNpbmVzcyBwYXJrkgEQc29mdHdhcmVfY29tcGFueeABAA!16s%2Fg%2F11v6wnct1x?hl=en&entry=ttu&g_ep=EgoyMDI2MDgxOS4wIKXMDSoASAFQAw%3D%3D",22.9973787,72.4971741,380051,"It Company in 380051 Ahmedabad it company titanium business park,",2026-08-25 18:25:29
Varniraaj Infotech,,It Company,It Company,A-1112 Titanium Business Park Corporate Road Sarkhej Gandhinagar Hwy near Railway Crossing,A-1112 Titanium Business Park Corporate Road Sarkhej,Ahmedabad,India,380051,8141005620,https://www.galaxytribesdigital.in/VARNIRAAJ-INFOTECH,4.9,111,,7 PM,Open · Closes 7 PM,"https://www.google.com/maps/place/Varniraaj+Infotech/@22.9973787,72.4971741,17z/data=!4m10!1m2!2m1!1sIt+Company+in+380051+Ahmedabad+it+company+titanium+business+park,!3m6!1s0x395e9b45c34fccd7:0xda1b80bee9f782dd!8m2!3d22.9973778!4d72.5018361!15sCkFJdCBDb21wYW55IGluIDM4MDA1MSBBaG1lZGFiYWQgaXQgY29tcGFueSB0aXRhbml1bSBidXNpbmVzcyBwYXJrLFpCIkBpdCBjb21wYW55IGluIDM4MDA1MSBhaG1lZGFiYWQgaXQgY29tcGFueSB0aXRhbml1bSBidXNpbmVzcyBwYXJrkgEdY29tcHV0ZXJfc3VwcG9ydF9hbmRfc2VydmljZXOaAURDaTlEUVVsUlFVTnZaRU5vZEhsalJqbHZUMnMxTmxkcmFIUmhWbVJIVlRKT05XRnFWVE5OTUZwelZGVXhUbG96WXhBQuABAPoBBAgAEBA!16s%2Fg%2F11y20_f5rd?hl=en&entry=ttu&g_ep=EgoyMDI2MDgxOS4wIKXMDSoASAFQAw%3D%3D",22.9973787,72.4971741,380051,"It Company in 380051 Ahmedabad it company titanium business park,",2026-08-25 18:25:36
TechMonarch - Ahmedabad's Reliable IT Services Provider,,It Company,It Company,Titanium Business Park A-1204 Under bridge near Makarba,Titanium Business Park A-1204 Under bridge near Makarba,Ahmedabad,India,380051,079 4891 0222,http://www.techmonarch.com/,4.5,111,,,,"https://www.google.com/maps/place/TechMonarch+-+Ahmedabad's+Reliable+IT+Services+Provider/@22.9973787,72.4971741,17z/data=!4m10!1m2!2m1!1sIt+Company+in+380051+Ahmedabad+it+company+titanium+business+park,!3m6!1s0x395e84d572bd550b:0xcb04aaca6d03185!8m2!3d22.9972455!4d72.5022966!15sCkFJdCBDb21wYW55IGluIDM4MDA1MSBBaG1lZGFiYWQgaXQgY29tcGFueSB0aXRhbml1bSBidXNpbmVzcyBwYXJrLFpCIkBpdCBjb21wYW55IGluIDM4MDA1MSBhaG1lZGFiYWQgaXQgY29tcGFueSB0aXRhbml1bSBidXNpbmVzcyBwYXJrkgEdY29tcHV0ZXJfc3VwcG9ydF9hbmRfc2VydmljZXPgAQA!16s%2Fg%2F11h9rxj4qj?hl=en&entry=ttu&g_ep=EgoyMDI2MDgxOS4wIKXMDSoASAFQAw%3D%3D",22.9973787,72.4971741,380051,"It Company in 380051 Ahmedabad it company titanium business park,",2026-08-25 18:25:39
Electrify Services,,It Company,It Company,Titanium Business Park B-907 nr. Railway Under Bridge,Titanium Business Park B-907 nr. Railway Under Bridge,Ahmedabad,India,380051,9104742060,https://electrifyservices.com/,5.0,111,9 AM,,Closed · Opens 9 AM,"https://www.google.com/maps/place/Electrify+Services/@22.9973787,72.4971741,17z/data=!4m10!1m2!2m1!1sIt+Company+in+380051+Ahmedabad+it+company+titanium+business+park,!3m6!1s0x395e8556282e37e7:0x28d06a67b31ab2a7!8m2!3d22.9973924!4d72.5029141!15sCkFJdCBDb21wYW55IGluIDM4MDA1MSBBaG1lZGFiYWQgaXQgY29tcGFueSB0aXRhbml1bSBidXNpbmVzcyBwYXJrLJIBIHJlc2VhcmNoX2FuZF9wcm9kdWN0X2RldmVsb3BtZW504AEA!16s%2Fg%2F11rgrtz8ll?hl=en&entry=ttu&g_ep=EgoyMDI2MDgxOS4wIKXMDSoASAFQAw%3D%3D",22.9973787,72.4971741,380051,"It Company in 380051 Ahmedabad it company titanium business park,",2026-08-25 18:25:42
Perceptive Labs,,It Company,It Company,Titanium Business Park D-802,Titanium Business Park D-802,Ahmedabad,India,380051,,https://perceptivelabs.in/,5.0,111,,8 PM,Open · Closes 8 PM,"https://www.google.com/maps/place/Perceptive+Labs/@22.9973787,72.4971741,17z/data=!4m10!1m2!2m1!1sIt+Company+in+380051+Ahmedabad+it+company+titanium+business+park,!3m6!1s0x395e9bb89349e881:0x17b0c846999177c7!8m2!3d22.9973266!4d72.5019976!15sCkFJdCBDb21wYW55IGluIDM4MDA1MSBBaG1lZGFiYWQgaXQgY29tcGFueSB0aXRhbml1bSBidXNpbmVzcyBwYXJrLJIBEHNvZnR3YXJlX2NvbXBhbnngAQA!16s%2Fg%2F11xz8cqx2r?hl=en&entry=ttu&g_ep=EgoyMDI2MDgxOS4wIKXMDSoASAFQAw%3D%3D",22.9973787,72.4971741,380051,"It Company in 380051 Ahmedabad it company titanium business park,",2026-08-25 18:25:44
The Creative Codes,,It Company,It Company,Titanium Business Park A-509 nr. Divyabhaskar Press,Titanium Business Park A-509 nr. Divyabhaskar Press,Ahmedabad,India,380051,06355 697 497,https://thecreativecodes.com/,5.0,111,,6:30 PM,Open · Closes 6:30 PM,"https://www.google.com/maps/place/The+Creative+Codes/@22.9973787,72.4971741,17z/data=!4m10!1m2!2m1!1sIt+Company+in+380051+Ahmedabad+it+company+titanium+business+park,!3m6!1s0x395e9bde879bff2f:0xcc570b14fcea8c99!8m2!3d22.997419!4d72.5018749!15sCkFJdCBDb21wYW55IGluIDM4MDA1MSBBaG1lZGFiYWQgaXQgY29tcGFueSB0aXRhbml1bSBidXNpbmVzcyBwYXJrLFpCIkBpdCBjb21wYW55IGluIDM4MDA1MSBhaG1lZGFiYWQgaXQgY29tcGFueSB0aXRhbml1bSBidXNpbmVzcyBwYXJrkgEQc29mdHdhcmVfY29tcGFueeABAA!16s%2Fg%2F11w3mptbnc?hl=en&entry=ttu&g_ep=EgoyMDI2MDgxOS4wIKXMDSoASAFQAw%3D%3D",22.9973787,72.4971741,380051,"It Company in 380051 Ahmedabad it company titanium business park,",2026-08-25 18:25:45
