Hospital Name,Hospital Type,Speciality,Sub Speciality,Doctor Name,Doctor Speciality,Full Address,Area,City,Country,Pincode/Postcode,Phone Number,Website,Google Rating,Total Reviews,Opening Time,Closing Time,Full Timing,Google Maps URL,Latitude,Longitude,Search Pincode/Postcode,Search Query,Scraped Date/Time
✅ 𝗔𝗮𝗱𝗵𝘆𝗮 𝗘𝘆𝗲 𝗛𝗼𝘀𝗽𝗶𝘁𝗮𝗹 - Eye Hospital in Rajkot / Best Eye Doctor / Eye Specialist in Rajkot,Hospital,,,,,Viraj Complex University Rd near Krishna Complex,Viraj Complex University Rd near Krishna Complex,Rajkot,India,360024,9157229900,https://eye-hospital-in-rajkot.grexa.site/,4.9,4,,12:30 PM,Open · Closes 12:30 PM,"https://www.google.com/maps/place/%E2%9C%85+%F0%9D%97%94%F0%9D%97%AE%F0%9D%97%B1%F0%9D%97%B5%F0%9D%98%86%F0%9D%97%AE+%F0%9D%97%98%F0%9D%98%86%F0%9D%97%B2+%F0%9D%97%9B%F0%9D%97%BC%F0%9D%98%80%F0%9D%97%BD%F0%9D%97%B6%F0%9D%98%81%F0%9D%97%AE%F0%9D%97%B9+-+Eye+Hospital+in+Rajkot+%2F+Best+Eye+Doctor+%2F+Eye+Specialist+in+Rajkot/@22.2879848,70.7256842,14z/data=!4m10!1m2!2m1!1sEye+clinics+in+360024+Rajkot+eye+hospitals!3m6!1s0x3959b58711aaaaa7:0xc3dd10be0d5da012!8m2!3d22.2879848!4d70.763793!15sCipFeWUgY2xpbmljcyBpbiAzNjAwMjQgUmFqa290IGV5ZSBob3NwaXRhbHNaLCIqZXllIGNsaW5pY3MgaW4gMzYwMDI0IHJhamtvdCBleWUgaG9zcGl0YWxzkgEPZXllX2NhcmVfY2VudGVy4AEA!16s%2Fg%2F11cn7qmcgm?hl=en&entry=ttu&g_ep=EgoyMDI2MDgxOS4wIKXMDSoASAFQAw%3D%3D",22.2879848,70.7256842,360024,Eye clinics in 360024 Rajkot eye hospitals,2026-08-24 11:49:10
Shraddha Eye Hospital And Laser Center,Hospital,,,,,150 FEET RING ROAD Street Number 3 near Kohinoor Apartment,150 FEET RING ROAD Street Number 3 near Kohinoor Apartment,Rajkot,India,360024,9698491000,https://www.shraddhaeyehospital.com/,4.9,4,,12:30 PM,Open · Closes 12:30 PM,"https://www.google.com/maps/place/Shraddha+Eye+Hospital+And+Laser+Center/@22.2879848,70.7256842,14z/data=!4m10!1m2!2m1!1sEye+clinics+in+360024+Rajkot+eye+hospitals!3m6!1s0x3959b620e888d21f:0x7b984cb0577b1a50!8m2!3d22.2901523!4d70.7705704!15sCipFeWUgY2xpbmljcyBpbiAzNjAwMjQgUmFqa290IGV5ZSBob3NwaXRhbHNaLCIqZXllIGNsaW5pY3MgaW4gMzYwMDI0IHJhamtvdCBleWUgaG9zcGl0YWxzkgEPZXllX2NhcmVfY2VudGVy4AEA!16s%2Fg%2F11csb36_z8?hl=en&entry=ttu&g_ep=EgoyMDI2MDgxOS4wIKXMDSoASAFQAw%3D%3D",22.2879848,70.7256842,360024,Eye clinics in 360024 Rajkot eye hospitals,2026-08-24 11:49:16
Savalia Eye Hospital & Laser Centre,Hospital,,,,,1 Balaji Hall Sardar Patel Park 150 Feet Ring Rd,1 Balaji Hall Sardar Patel Park 150 Feet Ring Rd,Rajkot,India,360024,9825823469,https://savaliaeyehospital.com/,4.9,4,,1:30 PM,Open · Closes 1:30 PM,"https://www.google.com/maps/place/Savalia+Eye+Hospital+%26+Laser+Centre/@22.2879848,70.7256842,14z/data=!4m10!1m2!2m1!1sEye+clinics+in+360024+Rajkot+eye+hospitals!3m6!1s0x3959cb9fe53659d3:0x8cc09920e88d035d!8m2!3d22.2711087!4d70.779493!15sCipFeWUgY2xpbmljcyBpbiAzNjAwMjQgUmFqa290IGV5ZSBob3NwaXRhbHNaLCIqZXllIGNsaW5pY3MgaW4gMzYwMDI0IHJhamtvdCBleWUgaG9zcGl0YWxzkgEPZXllX2NhcmVfY2VudGVy4AEA!16s%2Fg%2F11kvn6z51k?hl=en&entry=ttu&g_ep=EgoyMDI2MDgxOS4wIKXMDSoASAFQAw%3D%3D",22.2879848,70.7256842,360024,Eye clinics in 360024 Rajkot eye hospitals,2026-08-24 11:49:19
Netradeep Maxivision Super Speciality Eye Hospital - Saurashtra Laser Center,Hospital,,,,,Backside of Suryamukhi Hunuman Mandir Nana Mava Rd,Backside of Suryamukhi Hunuman Mandir Nana Mava Rd,Rajkot,India,360024,9240214615,https://www.netradeepmaxivision.in/,4.8,4,,7 PM,Open · Closes 7 PM,"https://www.google.com/maps/place/Netradeep+Maxivision+Super+Speciality+Eye+Hospital+-+Saurashtra+Laser+Center/@22.28158,70.7483552,14z/data=!4m10!1m2!2m1!1sEye+clinics+in+360024+Rajkot+eye+hospitals!3m6!1s0x3959ca3e49692439:0xfd5ae9201e53d453!8m2!3d22.28158!4d70.786464!15sCipFeWUgY2xpbmljcyBpbiAzNjAwMjQgUmFqa290IGV5ZSBob3NwaXRhbHNaLCIqZXllIGNsaW5pY3MgaW4gMzYwMDI0IHJhamtvdCBleWUgaG9zcGl0YWxzkgEPZXllX2NhcmVfY2VudGVymgEkQ2hkRFNVaE5NRzluUzBWSlEwRm5TVVJNY0dGWVRUZEJSUkFC4AEA-gEECAAQSw!16s%2Fg%2F11bbwyy388?hl=en&entry=ttu&g_ep=EgoyMDI2MDgxOS4wIKXMDSoASAFQAw%3D%3D",22.28158,70.7483552,360024,Eye clinics in 360024 Rajkot eye hospitals,2026-08-24 11:49:22
𝗔𝗸𝘀𝗵𝗮 𝗘𝘆𝗲 𝗛𝗼𝘀𝗽𝗶𝘁𝗮𝗹,Hospital,,,,,Aksha Eye Hospital Third Floor Opp. Silver Heights Circle 150 Feet Ring Rd,Aksha Eye Hospital Third Floor,Rajkot,India,360024,7574056000,http://www.eyehospitalrajkot.com/,4.9,4,,7:30 PM,Open · Closes 7:30 PM,"https://www.google.com/maps/place/%F0%9D%97%94%F0%9D%97%B8%F0%9D%98%80%F0%9D%97%B5%F0%9D%97%AE+%F0%9D%97%98%F0%9D%98%86%F0%9D%97%B2+%F0%9D%97%9B%F0%9D%97%BC%F0%9D%98%80%F0%9D%97%BD%F0%9D%97%B6%F0%9D%98%81%F0%9D%97%AE%F0%9D%97%B9/@22.28158,70.7483552,14z/data=!4m10!1m2!2m1!1sEye+clinics+in+360024+Rajkot+eye+hospitals!3m6!1s0x3959cb702ba827a7:0xe0e63b4258ce19b0!8m2!3d22.2770205!4d70.7794328!15sCipFeWUgY2xpbmljcyBpbiAzNjAwMjQgUmFqa290IGV5ZSBob3NwaXRhbHNaLCIqZXllIGNsaW5pY3MgaW4gMzYwMDI0IHJhamtvdCBleWUgaG9zcGl0YWxzkgEPZXllX2NhcmVfY2VudGVymgEkQ2hkRFNVaE5NRzluUzBWSlEwRm5TVVJVYWtsbFdIRlJSUkFC4AEA-gEFCKUBEEs!16s%2Fg%2F11mx_w16vw?hl=en&entry=ttu&g_ep=EgoyMDI2MDgxOS4wIKXMDSoASAFQAw%3D%3D",22.28158,70.7483552,360024,Eye clinics in 360024 Rajkot eye hospitals,2026-08-24 11:49:30
Darshan Eye Care Clinic - Ophthalmologist/Eye Hospital/Eye Specialist/Eye Care Clinic/Top 10 Eye Hospital in Rajkot,Hospital,,,,,2nd Floor Opera Square Opp syamal Vetix Sadhu Vasvani Rd,2nd Floor Opera Square Opp syamal Vetix Sadhu Vasvani Rd,Rajkot,India,360024,7859878599,,5.0,10,,1 PM,Open · Closes 1 PM,"https://www.google.com/maps/place/Darshan+Eye+Care+Clinic+-+Ophthalmologist%2FEye+Hospital%2FEye+Specialist%2FEye+Care+Clinic%2FTop+10+Eye+Hospital+in+Rajkot/@22.28158,70.7483552,14z/data=!4m10!1m2!2m1!1sEye+clinics+in+360024+Rajkot+eye+hospitals!3m6!1s0x3959ca10310af139:0x38a551be496adfed!8m2!3d22.299892!4d70.7573284!15sCipFeWUgY2xpbmljcyBpbiAzNjAwMjQgUmFqa290IGV5ZSBob3NwaXRhbHNaLCIqZXllIGNsaW5pY3MgaW4gMzYwMDI0IHJhamtvdCBleWUgaG9zcGl0YWxzkgEPZXllX2NhcmVfY2VudGVymgEjQ2haRFNVaE5NRzluUzBWSlEwRm5TVVJpTVhaaWNrZFJFQUXgAQD6AQQIMBAo!16s%2Fg%2F11b6_vfk1q?hl=en&entry=ttu&g_ep=EgoyMDI2MDgxOS4wIKXMDSoASAFQAw%3D%3D",22.28158,70.7483552,360024,Eye clinics in 360024 Rajkot eye hospitals,2026-08-24 11:49:34
Keshubhai Mehta Eye Hospital,Hospital,,,,,7RV3+6G2 Karansinhji Rd near Keshubhai Mehta Eye Hospital,,Rajkot,India,360024,0281 222 5348,http://www.rajkotlasik.com/,4.8,4,,1 PM,Open · Closes 1 PM,"https://www.google.com/maps/place/Keshubhai+Mehta+Eye+Hospital/@22.299892,70.7192196,14z/data=!4m10!1m2!2m1!1sEye+clinics+in+360024+Rajkot+eye+hospitals!3m6!1s0x3959ca058541e1d7:0xc51f28c4c5ce67e1!8m2!3d22.2930458!4d70.8037737!15sCipFeWUgY2xpbmljcyBpbiAzNjAwMjQgUmFqa290IGV5ZSBob3NwaXRhbHNaLCIqZXllIGNsaW5pY3MgaW4gMzYwMDI0IHJhamtvdCBleWUgaG9zcGl0YWxzkgEPZXllX2NhcmVfY2VudGVy4AEA!16s%2Fg%2F1thhhxc3?hl=en&entry=ttu&g_ep=EgoyMDI2MDgxOS4wIKXMDSoASAFQAw%3D%3D",22.299892,70.7192196,360024,Eye clinics in 360024 Rajkot eye hospitals,2026-08-24 11:49:36
Ojjas Eye Hospital,Hospital,,,,,R K EMPIRE 210 / 211 150 Feet Ring Rd nr. Mavdi,R K EMPIRE 210 / 211 150 Feet Ring Rd nr. Mavdi,Rajkot,India,360024,6351603634,,4.9,4,,12 PM,Open · Closes 12 PM,"https://www.google.com/maps/place/Ojjas+Eye+Hospital/@22.2930458,70.7656649,14z/data=!4m10!1m2!2m1!1sEye+clinics+in+360024+Rajkot+eye+hospitals!3m6!1s0x3959cbacdda991fb:0xa72a479865d7040f!8m2!3d22.2626646!4d70.7868469!15sCipFeWUgY2xpbmljcyBpbiAzNjAwMjQgUmFqa290IGV5ZSBob3NwaXRhbHNaLCIqZXllIGNsaW5pY3MgaW4gMzYwMDI0IHJhamtvdCBleWUgaG9zcGl0YWxzkgEPb3BodGhhbG1vbG9naXN0mgEkQ2hkRFNVaE5NRzluUzBWSlEwRm5TVVJvYlRoVWJHdG5SUkFC4AEA-gEECAAQOg!16s%2Fg%2F11rkf5lt_z?hl=en&entry=ttu&g_ep=EgoyMDI2MDgxOS4wIKXMDSoASAFQAw%3D%3D",22.2930458,70.7656649,360024,Eye clinics in 360024 Rajkot eye hospitals,2026-08-24 11:49:37
Shree Netra Eye Hospital & Laser Center,Hospital,,,,,Shivansh Plaza 2 Floor Archana Park 3 corner University Rd opp. Panchayat Nagar,Shivansh Plaza 2 Floor Archana Park 3 corner University Rd opp. Panchayat Nagar,Rajkot,India,360024,9099991155,http://shreenetraeyehopital.com/,4.9,4,,1:30 PM,Open · Closes 1:30 PM,"https://www.google.com/maps/place/Shree+Netra+Eye+Hospital+%26+Laser+Center/@22.2880457,70.7261501,14z/data=!4m10!1m2!2m1!1sEye+clinics+in+360024+Rajkot+eye+hospitals!3m6!1s0x3959cbebdb8fa4c9:0xf55bb23ffcf96e39!8m2!3d22.2880457!4d70.7642589!15sCipFeWUgY2xpbmljcyBpbiAzNjAwMjQgUmFqa290IGV5ZSBob3NwaXRhbHNaLCIqZXllIGNsaW5pY3MgaW4gMzYwMDI0IHJhamtvdCBleWUgaG9zcGl0YWxzkgEIaG9zcGl0YWyaASRDaGREU1VoTk1HOW5TMFZKUTBGblNVUmZhVzlpUVhCUlJSQULgAQD6AQQIIRA2!16s%2Fg%2F11ty13pvgk?hl=en&entry=ttu&g_ep=EgoyMDI2MDgxOS4wIKXMDSoASAFQAw%3D%3D",22.2880457,70.7261501,360024,Eye clinics in 360024 Rajkot eye hospitals,2026-08-24 11:49:41
Drashti Skin & Eye Hospital,Hospital,,,,,"Smile""Building Manhar Plot 5 Mangla Main Rd","Smile""Building Manhar Plot 5 Mangla Main Rd",Rajkot,India,360024,9408094081,http://www.drashtihospital.com/,4.9,4,,1:30 PM,Open · Closes 1:30 PM,"https://www.google.com/maps/place/Drashti+Skin+%26+Eye+Hospital/@22.2887823,70.7599941,14z/data=!4m10!1m2!2m1!1sEye+clinics+in+360024+Rajkot+eye+hospitals!3m6!1s0x3959ca104e811e5f:0xa1ce1ddd1ea53fbc!8m2!3d22.2887823!4d70.7981029!15sCipFeWUgY2xpbmljcyBpbiAzNjAwMjQgUmFqa290IGV5ZSBob3NwaXRhbHNaLCIqZXllIGNsaW5pY3MgaW4gMzYwMDI0IHJhamtvdCBleWUgaG9zcGl0YWxzkgEIaG9zcGl0YWyaASRDaGREU1VoTk1HOW5TMFZKUTBGblNVTndlWEZZZEdwblJSQULgAQD6AQQIABA7!16s%2Fg%2F11by_dlg_6?hl=en&entry=ttu&g_ep=EgoyMDI2MDgxOS4wIKXMDSoASAFQAw%3D%3D",22.2887823,70.7599941,360024,Eye clinics in 360024 Rajkot eye hospitals,2026-08-24 11:49:43
Arham Eye Hospital - Dr Dharmesh Shah Cornea Care Specialist,Hospital,,,,,Arham Eye Hospital Besides Maruti Driving School Panchavati Society Main Road near Laxminagar chowk,Arham Eye Hospital Besides Maruti Driving School Panchavati Society Main Road near Laxminagar chowk,Rajkot,India,360024,9426786165,http://arhameyecare.com/,4.8,4,,1 PM,Open · Closes 1 PM,"https://www.google.com/maps/place/Arham+Eye+Hospital+-+Dr+Dharmesh+Shah+%7C+Cornea+Care+Specialist/@22.2887823,70.7599941,14z/data=!4m10!1m2!2m1!1sEye+clinics+in+360024+Rajkot+eye+hospitals!3m6!1s0x3959ca6b2f44a86d:0x2dec50e714c66ec!8m2!3d22.2827968!4d70.7877764!15sCipFeWUgY2xpbmljcyBpbiAzNjAwMjQgUmFqa290IGV5ZSBob3NwaXRhbHNaLCIqZXllIGNsaW5pY3MgaW4gMzYwMDI0IHJhamtvdCBleWUgaG9zcGl0YWxzkgEPb3BodGhhbG1vbG9naXN0mgFEQ2k5RFFVbFJRVU52WkVOb2RIbGpSamx2VDJ4T1RGb3dValpoTURReFQwZHNhV0ZWZEdsWU1scDNUVlpPYUdWclJSQULgAQD6AQQIABAu!16s%2Fg%2F11bx55vwkf?hl=en&entry=ttu&g_ep=EgoyMDI2MDgxOS4wIKXMDSoASAFQAw%3D%3D",22.2887823,70.7599941,360024,Eye clinics in 360024 Rajkot eye hospitals,2026-08-24 11:49:46
KANSAGRA EYE & ENT & LASER HOSPITAL,Hospital,,,,,Astron Chowk,Astron Chowk,Rajkot,India,360024,9624604676,https://kansagrahospital.in/,4.9,4,,1 PM,Open · Closes 1 PM,"https://www.google.com/maps/place/KANSAGRA+EYE+%26+ENT+%26+LASER+HOSPITAL/@22.2911181,70.7497824,14z/data=!4m10!1m2!2m1!1sEye+clinics+in+360024+Rajkot+eye+hospitals!3m6!1s0x3959ca229f14000d:0xa42b8064f655fb85!8m2!3d22.2911181!4d70.7878912!15sCipFeWUgY2xpbmljcyBpbiAzNjAwMjQgUmFqa290IGV5ZSBob3NwaXRhbHNaLCIqZXllIGNsaW5pY3MgaW4gMzYwMDI0IHJhamtvdCBleWUgaG9zcGl0YWxzkgEPZXllX2NhcmVfY2VudGVymgFEQ2k5RFFVbFJRVU52WkVOb2RIbGpSamx2VDJ0MFJtVlRNWEZVYTNCTFltcFdObEpWTVc5VlZtOTZaR3RhYkZSSVl4QULgAQD6AQQIABA5!16s%2Fg%2F11bzrpqpnt?hl=en&entry=ttu&g_ep=EgoyMDI2MDgxOS4wIKXMDSoASAFQAw%3D%3D",22.2911181,70.7497824,360024,Eye clinics in 360024 Rajkot eye hospitals,2026-08-24 11:49:51
Dr. Ram's Eye Care Hospital Rajkot - Dr. Gunja Ram Cataract Specialist/ Lasik Specialist in Rajkot,Hospital,,,,,West Gate Gate A 3rd Floor 150 Feet Ring Rd,West Gate Gate A 3rd Floor 150 Feet Ring Rd,Rajkot,India,360024,9727988477,https://mindcarerajkot.com/dr-gunja-ram.php,4.8,4,,1 PM,Open · Closes 1 PM,"https://www.google.com/maps/place/Dr.+Ram's+Eye+Care+Hospital+Rajkot+-+Dr.+Gunja+Ram+Cataract+Specialist%2F+Lasik+Specialist+in+Rajkot/@22.321042,70.7288776,14z/data=!4m10!1m2!2m1!1sEye+clinics+in+360024+Rajkot+eye+hospitals!3m6!1s0x3959c9370d625293:0x2f6aad194ab146fa!8m2!3d22.2995743!4d70.7690335!15sCipFeWUgY2xpbmljcyBpbiAzNjAwMjQgUmFqa290IGV5ZSBob3NwaXRhbHNaLCIqZXllIGNsaW5pY3MgaW4gMzYwMDI0IHJhamtvdCBleWUgaG9zcGl0YWxzkgEPZXllX2NhcmVfY2VudGVy4AEA!16s%2Fg%2F11scjsm1cd?hl=en&entry=ttu&g_ep=EgoyMDI2MDgxOS4wIKXMDSoASAFQAw%3D%3D",22.321042,70.7288776,360024,Eye clinics in 360024 Rajkot eye hospitals,2026-08-24 11:50:05
Dhruva Eye Hospital a unit of Dr Agarwals Eye Hospital,Hospital,,,,,Dhruva House Rashtriya Shala Road Dr Dr Yagnik Rd opposite Abtak Press,Dhruva House Rashtriya Shala Road Dr Dr Yagnik Rd opposite Abtak Press,Rajkot,India,360024,9594924548,https://www.dragarwal.com/eye-hospital/rajkot/?utm_source=locator&utm_medium=googleplaces,4.8,4,,1 PM,Open · Closes 1 PM,"https://www.google.com/maps/place/Dhruva+Eye+Hospital,+a+unit+of+Dr+Agarwals+Eye+Hospital/@22.2910134,70.7599864,14z/data=!4m10!1m2!2m1!1sEye+clinics+in+360024+Rajkot+eye+hospitals!3m6!1s0x3959ca1076941639:0x1d0823dbb8fa978d!8m2!3d22.2910134!4d70.7980952!15sCipFeWUgY2xpbmljcyBpbiAzNjAwMjQgUmFqa290IGV5ZSBob3NwaXRhbHNaLCIqZXllIGNsaW5pY3MgaW4gMzYwMDI0IHJhamtvdCBleWUgaG9zcGl0YWxzkgEIaG9zcGl0YWzgAQA!16s%2Fg%2F11b7216rnt?hl=en&entry=ttu&g_ep=EgoyMDI2MDgxOS4wIKXMDSoASAFQAw%3D%3D",22.2910134,70.7599864,360024,Eye clinics in 360024 Rajkot eye hospitals,2026-08-24 11:50:14
Ranchhodh Dasji Bapu Charitable Eye Hospital,Hospital,,,,,8R59+972 Kuvadava Road near Shree Sadguru Sadan Trust,Kuvadava Road near Shree Sadguru Sadan Trust,Rajkot,India,360024,,,4.4,4,,12 AM,Open · Closes 12 AM,"https://www.google.com/maps/place/Ranchhodh+Dasji+Bapu+Charitable+Eye+Hospital/@22.3083875,70.7800316,14z/data=!4m10!1m2!2m1!1sEye+clinics+in+360024+Rajkot+eye+hospitals!3m6!1s0x3959b104eaaaaaab:0xb6f9b5e2abe4aac0!8m2!3d22.3083875!4d70.8181404!15sCipFeWUgY2xpbmljcyBpbiAzNjAwMjQgUmFqa290IGV5ZSBob3NwaXRhbHNaLCIqZXllIGNsaW5pY3MgaW4gMzYwMDI0IHJhamtvdCBleWUgaG9zcGl0YWxzkgEPZXllX2NhcmVfY2VudGVymgEjQ2haRFNVaE5NRzluUzBWSlEwRm5TVVJRZVhNM1ZGTlJFQUXgAQD6AQQIABAa!16s%2Fg%2F1tl7m31f?hl=en&entry=ttu&g_ep=EgoyMDI2MDgxOS4wIKXMDSoASAFQAw%3D%3D",22.3083875,70.7800316,360024,Eye clinics in 360024 Rajkot eye hospitals,2026-08-24 11:50:22
A.R.K. Eye and Laser Centre,Hospital,,,,,Rathod hospital Street 1 West near Astron Chowk,Street 1 West near Astron Chowk,Rajkot,India,360024,8080122020,https://arkeyehospital.in/,4.9,4,,7:30 PM,Open · Closes 7:30 PM,"https://www.google.com/maps/place/A.R.K.+Eye+and+Laser+Centre/@22.2907594,70.7500627,14z/data=!4m10!1m2!2m1!1sEye+clinics+in+360024+Rajkot+eye+hospitals!3m6!1s0x3959cba6b360fa4b:0x75a4abb78760954d!8m2!3d22.2907594!4d70.7881715!15sCipFeWUgY2xpbmljcyBpbiAzNjAwMjQgUmFqa290IGV5ZSBob3NwaXRhbHNaLCIqZXllIGNsaW5pY3MgaW4gMzYwMDI0IHJhamtvdCBleWUgaG9zcGl0YWxzkgEPZXllX2NhcmVfY2VudGVymgEkQ2hkRFNVaE5NRzluUzBWSlEwRm5UVVJSZGpZdFMzRlJSUkFC4AEA-gEECH0QRg!16s%2Fg%2F11wvkfkbn7?hl=en&entry=ttu&g_ep=EgoyMDI2MDgxOS4wIKXMDSoASAFQAw%3D%3D",22.2907594,70.7500627,360024,Eye clinics in 360024 Rajkot eye hospitals,2026-08-24 11:50:26
Sahaj Eye Care Center,Hospital,,,,,3rd Floor The Accord Business Park 311 Nana Mava Main Rd opp. Park Avenue,3rd Floor The Accord Business Park 311 Nana Mava Main Rd opp. Park Avenue,Rajkot,India,360024,06355 942 317,,4.7,4,,1 PM,Open · Closes 1 PM,"https://www.google.com/maps/place/Sahaj+Eye+Care+Center/@22.2907594,70.7500627,14z/data=!3m1!5s0x3959ca38491d9b89:0xcbb69b6b88d0ea8e!4m10!1m2!2m1!1sEye+clinics+in+360024+Rajkot+eye+hospitals!3m6!1s0x3959cbab76e91d51:0xdc29f3db0fdc9594!8m2!3d22.2741066!4d70.7752751!15sCipFeWUgY2xpbmljcyBpbiAzNjAwMjQgUmFqa290IGV5ZSBob3NwaXRhbHNaLCIqZXllIGNsaW5pY3MgaW4gMzYwMDI0IHJhamtvdCBleWUgaG9zcGl0YWxzkgEUb3BodGhhbG1vbG9neV9jbGluaWOaASRDaGREU1VoTk1HOW5TMFZKUTBGblNVTlNjM1oxY25wUlJSQULgAQD6AQQIABAr!16s%2Fg%2F11fb0jzld6?hl=en&entry=ttu&g_ep=EgoyMDI2MDgxOS4wIKXMDSoASAFQAw%3D%3D",22.2907594,70.7500627,360024,Eye clinics in 360024 Rajkot eye hospitals,2026-08-24 11:50:28
Vivekanand Eye Care Center,Hospital,,,,,Dr Yagnik Rd near Jasani College,Dr Yagnik Rd near Jasani College,Rajkot,India,360024,0281 248 1777,,4.3,4,,12:30 PM,Open · Closes 12:30 PM,"https://www.google.com/maps/place/Vivekanand+Eye+Care+Center/@22.2907594,70.7500627,14z/data=!4m10!1m2!2m1!1sEye+clinics+in+360024+Rajkot+eye+hospitals!3m6!1s0x3959ca10954f0653:0xf5404902c10d5111!8m2!3d22.2894504!4d70.7957228!15sCipFeWUgY2xpbmljcyBpbiAzNjAwMjQgUmFqa290IGV5ZSBob3NwaXRhbHNaLCIqZXllIGNsaW5pY3MgaW4gMzYwMDI0IHJhamtvdCBleWUgaG9zcGl0YWxzkgEPZXllX2NhcmVfY2VudGVy4AEA!16s%2Fg%2F11b707j2r8?hl=en&entry=ttu&g_ep=EgoyMDI2MDgxOS4wIKXMDSoASAFQAw%3D%3D",22.2907594,70.7500627,360024,Eye clinics in 360024 Rajkot eye hospitals,2026-08-24 11:50:31
i Care Eye Hospital,Hospital,,,,,Aum Planet school Opp Nirmala convent Nirmala Convent Rd,Aum Planet school Opp Nirmala convent Nirmala Convent Rd,Rajkot,India,360024,9558826200,https://www.icareeyehospital.com/,4.2,152,,1:30 PM,Open · Closes 1:30 PM,"https://www.google.com/maps/place/i+Care+Eye+Hospital/@22.2907594,70.7500627,14z/data=!4m10!1m2!2m1!1sEye+clinics+in+360024+Rajkot+eye+hospitals!3m6!1s0x13ff46f8258113f5:0xb1f639e49fee8d7b!8m2!3d22.2973749!4d70.7759685!15sCipFeWUgY2xpbmljcyBpbiAzNjAwMjQgUmFqa290IGV5ZSBob3NwaXRhbHOSAQ9leWVfY2FyZV9jZW50ZXLgAQA!16s%2Fg%2F11b7c67nlf?hl=en&entry=ttu&g_ep=EgoyMDI2MDgxOS4wIKXMDSoASAFQAw%3D%3D",22.2907594,70.7500627,360024,Eye clinics in 360024 Rajkot eye hospitals,2026-08-24 11:50:37
Shivanand eye hospital,Hospital,,,,,7QCV+VGG,,Rajkot,India,360024,,,4.5,152,,7 PM,Open · Closes 7 PM,"https://www.google.com/maps/place/Shivanand+eye+hospital/@22.2907594,70.7500627,14z/data=!4m10!1m2!2m1!1sEye+clinics+in+360024+Rajkot+eye+hospitals!3m6!1s0x3959cb00644bc143:0xb8436062ef3f1b40!8m2!3d22.2721921!4d70.7937357!15sCipFeWUgY2xpbmljcyBpbiAzNjAwMjQgUmFqa290IGV5ZSBob3NwaXRhbHOSAQhob3NwaXRhbOABAA!16s%2Fg%2F11vq25sgdt?hl=en&entry=ttu&g_ep=EgoyMDI2MDgxOS4wIKXMDSoASAFQAw%3D%3D",22.2907594,70.7500627,360024,Eye clinics in 360024 Rajkot eye hospitals,2026-08-24 11:50:40
Mehta Eye Surgery and Laser Centre ( Dr Janak Mehta and Dr Pragn Mehta),Hospital,,,,,Street Number 3 behind Swaminarayan temple off Kalavad Road,Street Number 3 behind Swaminarayan temple off Kalavad Road,Rajkot,India,360024,6352544308,https://www.mehtaeyesurgery.com/,4.9,152,,1 PM,Open · Closes 1 PM,"https://www.google.com/maps/place/Mehta+Eye+Surgery+and+Laser+Centre+(+Dr+Janak+Mehta+and+Dr+Pragn+Mehta)/@22.2907594,70.7500627,14z/data=!4m10!1m2!2m1!1sEye+clinics+in+360024+Rajkot+eye+hospitals!3m6!1s0x3959cbbad8b0478f:0x9c229a9efe2f29d1!8m2!3d22.294163!4d70.7820962!15sCipFeWUgY2xpbmljcyBpbiAzNjAwMjQgUmFqa290IGV5ZSBob3NwaXRhbHNaLCIqZXllIGNsaW5pY3MgaW4gMzYwMDI0IHJhamtvdCBleWUgaG9zcGl0YWxzkgEPZXllX2NhcmVfY2VudGVymgEkQ2hkRFNVaE5NRzluUzBWSlEwRm5TVU14Y3psbFREZFJSUkFC4AEA-gEECAAQSQ!16s%2Fg%2F11q7y3kr1n?hl=en&entry=ttu&g_ep=EgoyMDI2MDgxOS4wIKXMDSoASAFQAw%3D%3D",22.2907594,70.7500627,360024,Eye clinics in 360024 Rajkot eye hospitals,2026-08-24 11:50:41
Shivam Eye Hospital And Laser Center,Hospital,,,,,Varad Medical Store Street Street Number 2 Street 1 University Rd opp. Ocean Apr,Varad Medical Store Street Street Number 2 Street 1 University Rd opp. Ocean Apr,Rajkot,India,360024,9824249619,,4.9,152,,1:30 PM,Open · Closes 1:30 PM,"https://www.google.com/maps/place/Shivam+Eye+Hospital+And+Laser+Center/@22.2907594,70.7500627,14z/data=!4m10!1m2!2m1!1sEye+clinics+in+360024+Rajkot+eye+hospitals!3m6!1s0x3959ca2f9a173b23:0x2700f0484cc7f72f!8m2!3d22.2909871!4d70.7750314!15sCipFeWUgY2xpbmljcyBpbiAzNjAwMjQgUmFqa290IGV5ZSBob3NwaXRhbHNaLCIqZXllIGNsaW5pY3MgaW4gMzYwMDI0IHJhamtvdCBleWUgaG9zcGl0YWxzkgEIaG9zcGl0YWyaAURDaTlEUVVsUlFVTnZaRU5vZEhsalJqbHZUMjFLUmxOSVZtRk5Na1pDVkZaV1RtTlZNSGhWTTFwT1YxWktaazFIWXhBQuABAPoBBAghEC0!16s%2Fg%2F11gbww52yv?hl=en&entry=ttu&g_ep=EgoyMDI2MDgxOS4wIKXMDSoASAFQAw%3D%3D",22.2907594,70.7500627,360024,Eye clinics in 360024 Rajkot eye hospitals,2026-08-24 11:50:43
Bhatt Eye Hospital and Retina Centre,Hospital,,,,,Bhatt Eye Hospital 97 Janta Society Tagore Rd nr. Rajkot,Bhatt Eye Hospital 97 Janta Society Tagore Rd nr. Rajkot,Rajkot,India,360024,7984740275,,4.0,152,,2 PM,Open · Closes 2 PM,"https://www.google.com/maps/place/Bhatt+Eye+Hospital+and+Retina+Centre/@22.2926603,70.7490738,14z/data=!4m10!1m2!2m1!1sEye+clinics+in+360024+Rajkot+eye+hospitals!3m6!1s0x3959ca1898a860a3:0x570ead448109476f!8m2!3d22.2926603!4d70.7871826!15sCipFeWUgY2xpbmljcyBpbiAzNjAwMjQgUmFqa290IGV5ZSBob3NwaXRhbHNaLCIqZXllIGNsaW5pY3MgaW4gMzYwMDI0IHJhamtvdCBleWUgaG9zcGl0YWxzkgEPZXllX2NhcmVfY2VudGVymgEjQ2haRFNVaE5NRzluUzBWSlEwRm5TVVJ3ZWpoUWFGVkJFQUXgAQD6AQQIbxAv!16s%2Fg%2F1td46c5h?hl=en&entry=ttu&g_ep=EgoyMDI2MDgxOS4wIKXMDSoASAFQAw%3D%3D",22.2926603,70.7490738,360024,Eye clinics in 360024 Rajkot eye hospitals,2026-08-24 11:51:32
Glaucoma Eye Hospital,Hospital,,,,,Mediplex Complex 3rd floor Vidya Nagar Main Rd,Mediplex Complex 3rd floor Vidya Nagar Main Rd,Rajkot,India,360024,9408046316,,4.2,152,,6 PM,Open · Closes 6 PM,"https://www.google.com/maps/place/Glaucoma+Eye+Hospital/@22.2926603,70.7490738,14z/data=!3m1!5s0x3959ca1045cb22bf:0x5a8c06ed3d743871!4m10!1m2!2m1!1sEye+clinics+in+360024+Rajkot+eye+hospitals!3m6!1s0x3959ca1044390e09:0xa4361ca1434310cf!8m2!3d22.289221!4d70.798161!15sCipFeWUgY2xpbmljcyBpbiAzNjAwMjQgUmFqa290IGV5ZSBob3NwaXRhbHNaLCIqZXllIGNsaW5pY3MgaW4gMzYwMDI0IHJhamtvdCBleWUgaG9zcGl0YWxzkgEPZXllX2NhcmVfY2VudGVymgEjQ2haRFNVaE5NRzluUzBWSlEwRm5TVU10ZFdOTVZVRm5FQUXgAQD6AQQIABA0!16s%2Fg%2F1yg4ffr3h?hl=en&entry=ttu&g_ep=EgoyMDI2MDgxOS4wIKXMDSoASAFQAw%3D%3D",22.2926603,70.7490738,360024,Eye clinics in 360024 Rajkot eye hospitals,2026-08-24 11:51:42
𝗝𝗗'𝗦 𝗘𝘆𝗲 𝗖𝗮𝗿𝗲 - Best Optical Shop in Rajkot Optical Showroom in Rajkot Multibranded Optical Showroom in Rajkot,Hospital,,,,,Garden Commercial Complex Sadhu Vasvani Rd,Garden Commercial Complex Sadhu Vasvani Rd,Rajkot,India,360024,7778013070,https://jdseyecare.com/,4.9,152,,9 PM,Open · Closes 9 PM,"https://www.google.com/maps/place/%F0%9D%97%9D%F0%9D%97%97'%F0%9D%97%A6+%F0%9D%97%98%F0%9D%98%86%F0%9D%97%B2+%F0%9D%97%96%F0%9D%97%AE%F0%9D%97%BF%F0%9D%97%B2+-+Best+Optical+Shop+in+Rajkot+%7C+Optical+Showroom+in+Rajkot+%7C+Multibranded+Optical+Showroom+in+Rajkot/@22.2901332,70.7231283,14z/data=!4m10!1m2!2m1!1sEye+clinics+in+360024+Rajkot+eye+hospitals!3m6!1s0x3959cb707d43360b:0x298c11a5d97e7d68!8m2!3d22.2901332!4d70.7612371!15sCipFeWUgY2xpbmljcyBpbiAzNjAwMjQgUmFqa290IGV5ZSBob3NwaXRhbHNaLCIqZXllIGNsaW5pY3MgaW4gMzYwMDI0IHJhamtvdCBleWUgaG9zcGl0YWxzkgEIb3B0aWNpYW7gAQA!16s%2Fg%2F11fmsfltrg?hl=en&entry=ttu&g_ep=EgoyMDI2MDgxOS4wIKXMDSoASAFQAw%3D%3D",22.2901332,70.7231283,360024,Eye clinics in 360024 Rajkot eye hospitals,2026-08-24 11:51:45
Ojjas plus eye hospital speedwell chowk,Hospital,,,,,2 nd floor swayam care 80 Feet Rd opp. speedwell heights,2 nd floor swayam care 80 Feet Rd opp. speedwell heights,Rajkot,India,360024,7801828878,,5.0,152,,7 PM,Open · Closes 7 PM,"https://www.google.com/maps/place/Ojjas+plus+eye+hospital+speedwell+chowk/@22.2901332,70.7231283,14z/data=!4m10!1m2!2m1!1sEye+clinics+in+360024+Rajkot+eye+hospitals!3m6!1s0x3959cb94e34e706b:0xa2d524e830bd7f2f!8m2!3d22.2629568!4d70.762891!15sCipFeWUgY2xpbmljcyBpbiAzNjAwMjQgUmFqa290IGV5ZSBob3NwaXRhbHNaLCIqZXllIGNsaW5pY3MgaW4gMzYwMDI0IHJhamtvdCBleWUgaG9zcGl0YWxzkgEIaG9zcGl0YWzgAQA!16s%2Fg%2F11x1nsvq11?hl=en&entry=ttu&g_ep=EgoyMDI2MDgxOS4wIKXMDSoASAFQAw%3D%3D",22.2901332,70.7231283,360024,Eye clinics in 360024 Rajkot eye hospitals,2026-08-24 11:51:49
Clear Vision Eye Hospital Pvt Ltd (Dr. Hemali Monpara),Hospital,,,,,B Wing First floor West gate complex 109-110 Ring Road nr. Raiya Road,B Wing First floor West gate complex 109-110 Ring Road nr. Raiya Road,Rajkot,India,360024,8000733731,,4.2,152,,1 PM,Open · Closes 1 PM,"https://www.google.com/maps/place/Clear+Vision+Eye+Hospital+Pvt+Ltd+(Dr.+Hemali+Monpara)/@22.2901332,70.7231283,14z/data=!4m10!1m2!2m1!1sEye+clinics+in+360024+Rajkot+eye+hospitals!3m6!1s0x3959c980e1ba7d7d:0x117faaacc5785383!8m2!3d22.2991621!4d70.7690422!15sCipFeWUgY2xpbmljcyBpbiAzNjAwMjQgUmFqa290IGV5ZSBob3NwaXRhbHNaLCIqZXllIGNsaW5pY3MgaW4gMzYwMDI0IHJhamtvdCBleWUgaG9zcGl0YWxzkgEPZXllX2NhcmVfY2VudGVymgEkQ2hkRFNVaE5NRzluUzBWSlEwRm5TVU5rY0V4dWVWOUJSUkFC4AEA-gEECAAQKg!16s%2Fg%2F11b6sw9f26?hl=en&entry=ttu&g_ep=EgoyMDI2MDgxOS4wIKXMDSoASAFQAw%3D%3D",22.2901332,70.7231283,360024,Eye clinics in 360024 Rajkot eye hospitals,2026-08-24 11:51:51
Gadre Eye Care Centre,Hospital,,,,,,,Rajkot,India,360024,0281 246 0266,https://gadreeyecare.com/,4.0,152,,12:30 PM,Open · Closes 12:30 PM,"https://www.google.com/maps/place/Gadre+Eye+Care+Centre/@22.2901332,70.7231283,14z/data=!4m10!1m2!2m1!1sEye+clinics+in+360024+Rajkot+eye+hospitals!3m6!1s0x3959ca16dce3d559:0x90ed87a5a9094d27!8m2!3d22.287136!4d70.7929075!15sCipFeWUgY2xpbmljcyBpbiAzNjAwMjQgUmFqa290IGV5ZSBob3NwaXRhbHNaLCIqZXllIGNsaW5pY3MgaW4gMzYwMDI0IHJhamtvdCBleWUgaG9zcGl0YWxzkgEPZXllX2NhcmVfY2VudGVymgEkQ2hkRFNVaE5NRzluUzBWSlEwRm5TVVI0ZGkxWWJURm5SUkFC4AEA-gEECAAQDA!16s%2Fg%2F1wn321d6?hl=en&entry=ttu&g_ep=EgoyMDI2MDgxOS4wIKXMDSoASAFQAw%3D%3D",22.2901332,70.7231283,360024,Eye clinics in 360024 Rajkot eye hospitals,2026-08-24 11:52:04
Kalariya Eye Hospital,Hospital,,,,,401 Shree Nidhi Ramkrishna Nagar Main Rd,401 Shree Nidhi Ramkrishna Nagar Main Rd,Rajkot,India,360024,0281 246 5700,,3.9,152,,1 PM,Open · Closes 1 PM,"https://www.google.com/maps/place/Kalariya+Eye+Hospital/@22.287136,70.7547987,14z/data=!4m10!1m2!2m1!1sEye+clinics+in+360024+Rajkot+eye+hospitals!3m6!1s0x3959ca173c6bf1ff:0x460db23e916d8106!8m2!3d22.2886365!4d70.7929899!15sCipFeWUgY2xpbmljcyBpbiAzNjAwMjQgUmFqa290IGV5ZSBob3NwaXRhbHOSAQ9leWVfY2FyZV9jZW50ZXLgAQA!16s%2Fg%2F11b706whq9?hl=en&entry=ttu&g_ep=EgoyMDI2MDgxOS4wIKXMDSoASAFQAw%3D%3D",22.287136,70.7547987,360024,Eye clinics in 360024 Rajkot eye hospitals,2026-08-24 11:52:09
Retina Hospital,Hospital,,,,,7QXP+F84,,Rajkot,India,360024,0281 245 6600,http://www.retina-hospital.in/,4.2,152,,9 PM,Open · Closes 9 PM,"https://www.google.com/maps/place/Retina+Hospital/@22.287136,70.7547987,14z/data=!4m10!1m2!2m1!1sEye+clinics+in+360024+Rajkot+eye+hospitals!3m6!1s0x3959cbda52257099:0xf82607aa045ae3b0!8m2!3d22.2986375!4d70.7858281!15sCipFeWUgY2xpbmljcyBpbiAzNjAwMjQgUmFqa290IGV5ZSBob3NwaXRhbHNaLCIqZXllIGNsaW5pY3MgaW4gMzYwMDI0IHJhamtvdCBleWUgaG9zcGl0YWxzkgEIaG9zcGl0YWyaASRDaGREU1VoTk1HOW5TMFZKUTBGblNVTnpjbTlFTFhGUlJSQULgAQD6AQQIABBF!16s%2Fg%2F1hd_rp2ww?hl=en&entry=ttu&g_ep=EgoyMDI2MDgxOS4wIKXMDSoASAFQAw%3D%3D",22.287136,70.7547987,360024,Eye clinics in 360024 Rajkot eye hospitals,2026-08-24 11:52:16
Prime Vision Eye Hospital and Laser Centre,Hospital,,,,,Lotus Empire 301/302/314 Raiya Rd opposite Sadbhavna Vrudhashram Medical Store near Salus Hospital,Lotus Empire 301/302/314 Raiya Rd opposite Sadbhavna Vrudhashram Medical Store near Salus Hospital,Rajkot,India,360024,8780934558,,5.0,152,,8 PM,Open · Closes 8 PM,"https://www.google.com/maps/place/Prime+Vision+Eye+Hospital+and+Laser+Centre/@22.3015727,70.7256573,14z/data=!4m10!1m2!2m1!1sEye+clinics+in+360024+Rajkot+eye+hospitals!3m6!1s0x3959c9a6ce8f959f:0x915f99b84fcbbc4!8m2!3d22.3015727!4d70.7637661!15sCipFeWUgY2xpbmljcyBpbiAzNjAwMjQgUmFqa290IGV5ZSBob3NwaXRhbHNaLCIqZXllIGNsaW5pY3MgaW4gMzYwMDI0IHJhamtvdCBleWUgaG9zcGl0YWxzkgEPZXllX2NhcmVfY2VudGVymgFEQ2k5RFFVbFJRVU52WkVOb2RIbGpSamx2VDIwNU0yTkZjR0ZQUm5CTlYwUkNabU13TlhGT00yaElUVWhCTkdOVlJSQULgAQD6AQUI3wEQSw!16s%2Fg%2F11t_rg925r?hl=en&entry=ttu&g_ep=EgoyMDI2MDgxOS4wIKXMDSoASAFQAw%3D%3D",22.3015727,70.7256573,360024,Eye clinics in 360024 Rajkot eye hospitals,2026-08-24 11:52:29
Pandit Eye Hospital,Hospital,,,,,Anand Plaza Mavdi Main Road,Anand Plaza Mavdi Main Road,Rajkot,India,360024,9824448878,,5.0,152,,1 PM,Open · Closes 1 PM,"https://www.google.com/maps/place/Pandit+Eye+Hospital/@22.272607,70.7553112,14z/data=!4m10!1m2!2m1!1sEye+clinics+in+360024+Rajkot+eye+hospitals!3m6!1s0x3959ca694f898c6b:0x28c20935af24de11!8m2!3d22.272607!4d70.79342!15sCipFeWUgY2xpbmljcyBpbiAzNjAwMjQgUmFqa290IGV5ZSBob3NwaXRhbHOSAQ9leWVfY2FyZV9jZW50ZXLgAQA!16s%2Fg%2F11b72nx_ts?hl=en&entry=ttu&g_ep=EgoyMDI2MDgxOS4wIKXMDSoASAFQAw%3D%3D",22.272607,70.7553112,360024,Eye clinics in 360024 Rajkot eye hospitals,2026-08-24 11:52:33
𝗝𝗗𝗦 𝗘𝘆𝗲 𝗰𝗮𝗿𝗲 - Best Optical Showroom in Rajkot Optical Shop in Rajkot Multibranded Optical Showroom in Rajkot,Hospital,,,,,Amin Marg near Jd Eye circle,Amin Marg near Jd Eye circle,Rajkot,India,360024,7698417090,https://jdseyecare.com/,4.7,152,,9 PM,Open · Closes 9 PM,"https://www.google.com/maps/place/%F0%9D%97%9D%F0%9D%97%97%F0%9D%97%A6+%F0%9D%97%98%F0%9D%98%86%F0%9D%97%B2+%F0%9D%97%B0%F0%9D%97%AE%F0%9D%97%BF%F0%9D%97%B2+-+Best+Optical+Showroom+in+Rajkot+%7C+Optical+Shop+in+Rajkot+%7C+Multibranded+Optical+Showroom+in+Rajkot/@22.272607,70.7553112,14z/data=!4m10!1m2!2m1!1sEye+clinics+in+360024+Rajkot+eye+hospitals!3m6!1s0x3959ca3b16b8a4ad:0x23f1af0b4e944e6b!8m2!3d22.2872918!4d70.7804389!15sCipFeWUgY2xpbmljcyBpbiAzNjAwMjQgUmFqa290IGV5ZSBob3NwaXRhbHNaLCIqZXllIGNsaW5pY3MgaW4gMzYwMDI0IHJhamtvdCBleWUgaG9zcGl0YWxzkgEIb3B0aWNpYW7gAQA!16s%2Fg%2F11cncsnnv3?hl=en&entry=ttu&g_ep=EgoyMDI2MDgxOS4wIKXMDSoASAFQAw%3D%3D",22.272607,70.7553112,360024,Eye clinics in 360024 Rajkot eye hospitals,2026-08-24 11:52:38
K K Eye Care & Laser Centre,Hospital,,,,,1st Floor Heera Panna Complex Speedwell Party Plot Road,1st Floor Heera Panna Complex Speedwell Party Plot Road,Rajkot,India,360024,9409603025,,4.0,152,,1 PM,Open · Closes 1 PM,"https://www.google.com/maps/place/K+K+Eye+Care+%26+Laser+Centre/@22.2641756,70.7233829,14z/data=!4m10!1m2!2m1!1sEye+clinics+in+360024+Rajkot+eye+hospitals!3m6!1s0x3959cb24484072e9:0x97a4466c2fb58703!8m2!3d22.2641756!4d70.7614917!15sCipFeWUgY2xpbmljcyBpbiAzNjAwMjQgUmFqa290IGV5ZSBob3NwaXRhbHOSAQ9leWVfY2FyZV9jZW50ZXLgAQA!16s%2Fg%2F11w960y5jy?hl=en&entry=ttu&g_ep=EgoyMDI2MDgxOS4wIKXMDSoASAFQAw%3D%3D",22.2641756,70.7233829,360024,Eye clinics in 360024 Rajkot eye hospitals,2026-08-24 11:52:42
Dr Suketu Bhapal eye hospital & laser centre - Eye Specialist/Ophthalmonologist/lasik eye surgery/Catract Surgery,Hospital,,,,,Nirmla Convent Rd opp. Mahavir Society,Nirmla Convent Rd opp. Mahavir Society,Rajkot,India,360024,9879535412,,4.7,152,,,,"https://www.google.com/maps/place/Dr+Suketu+Bhapal+eye+hospital+%26+laser+centre+-+Eye+Specialist%2FOphthalmonologist%2Flasik+eye+surgery%2FCatract+Surgery/@22.2942452,70.7392875,14z/data=!4m10!1m2!2m1!1sEye+clinics+in+360024+Rajkot+eye+hospitals!3m6!1s0x3959cb6430f0b517:0x669d84013d69148!8m2!3d22.2942452!4d70.7773963!15sCipFeWUgY2xpbmljcyBpbiAzNjAwMjQgUmFqa290IGV5ZSBob3NwaXRhbHNaLCIqZXllIGNsaW5pY3MgaW4gMzYwMDI0IHJhamtvdCBleWUgaG9zcGl0YWxzkgEIaG9zcGl0YWyaAURDaTlEUVVsUlFVTnZaRU5vZEhsalJqbHZUMnBzVW1WdGVHRmtWbVIwVW0xV01HUnVaekpoUkZreVZFUkNkRlZYWXhBQuABAPoBBAgAEEE!16s%2Fg%2F11tncn3c0p?hl=en&entry=ttu&g_ep=EgoyMDI2MDgxOS4wIKXMDSoASAFQAw%3D%3D",22.2942452,70.7392875,360024,Eye clinics in 360024 Rajkot eye hospitals,2026-08-24 11:52:45
JD's Eye Care,Hospital,,,,,Vidya Nagar Main Rd opposite Gadre Eye Hospital,Vidya Nagar Main Rd opposite Gadre Eye Hospital,Rajkot,India,360024,7623073414,https://jdseyecare.com/,4.7,152,,9 AM,Open · Closes 9 AM,"https://www.google.com/maps/place/JD's+Eye+Care/@22.2942452,70.7392875,14z/data=!4m10!1m2!2m1!1sEye+clinics+in+360024+Rajkot+eye+hospitals!3m6!1s0x3959ca16dccd2c69:0x767c5fdeeebb48fb!8m2!3d22.286959!4d70.792912!15sCipFeWUgY2xpbmljcyBpbiAzNjAwMjQgUmFqa290IGV5ZSBob3NwaXRhbHNaLCIqZXllIGNsaW5pY3MgaW4gMzYwMDI0IHJhamtvdCBleWUgaG9zcGl0YWxzkgEIb3B0aWNpYW7gAQA!16s%2Fg%2F11b72nt5tm?hl=en&entry=ttu&g_ep=EgoyMDI2MDgxOS4wIKXMDSoASAFQAw%3D%3D",22.2942452,70.7392875,360024,Eye clinics in 360024 Rajkot eye hospitals,2026-08-24 11:52:48
Ramkrishna eye care and laser center,Hospital,,,,,Shop no 14 Ram Jayant KG Shyam Complex Main Rd opposite D-Mart,Shop no 14 Ram Jayant KG Shyam Complex Main Rd opposite D-Mart,Rajkot,India,360024,9825385173,,5.0,152,,9 PM,Open · Closes 9 PM,"https://www.google.com/maps/place/Ramkrishna+eye+care+and+laser+center/@22.2718905,70.7603634,14z/data=!4m10!1m2!2m1!1sEye+clinics+in+360024+Rajkot+eye+hospitals!3m6!1s0x3959cbe2447e65a9:0x221df83ed39e081a!8m2!3d22.2718905!4d70.7984722!15sCipFeWUgY2xpbmljcyBpbiAzNjAwMjQgUmFqa290IGV5ZSBob3NwaXRhbHNaLCIqZXllIGNsaW5pY3MgaW4gMzYwMDI0IHJhamtvdCBleWUgaG9zcGl0YWxzkgELb3B0b21ldHJpc3SaAURDaTlEUVVsUlFVTnZaRU5vZEhsalJqbHZUMnRPVGxkcVpIcGtlVEZEV1ROU2IxTkliRnBhV0VacFZqRkdSMlZIWXhBQuABAPoBBAgAEDA!16s%2Fg%2F11ty4xst9m?hl=en&entry=ttu&g_ep=EgoyMDI2MDgxOS4wIKXMDSoASAFQAw%3D%3D",22.2718905,70.7603634,360024,Eye clinics in 360024 Rajkot eye hospitals,2026-08-24 11:52:52
VISION EYE CARE CENTER,Hospital,,,,,Jay Chambers Vidya Nagar Main Rd Near Patel Boarding,Jay Chambers Vidya Nagar Main Rd Near Patel Boarding,Rajkot,India,360024,0281 246 4889,,3.8,152,,,Open,"https://www.google.com/maps/place/VISION+EYE+CARE+CENTER/@22.2718905,70.7603634,14z/data=!4m10!1m2!2m1!1sEye+clinics+in+360024+Rajkot+eye+hospitals!3m6!1s0x3959ca112a8cfdd1:0xa2bed7b82eb5f3bb!8m2!3d22.287764!4d70.794308!15sCipFeWUgY2xpbmljcyBpbiAzNjAwMjQgUmFqa290IGV5ZSBob3NwaXRhbHOSAQ9leWVfY2FyZV9jZW50ZXLgAQA!16s%2Fg%2F11b70hk9rg?hl=en&entry=ttu&g_ep=EgoyMDI2MDgxOS4wIKXMDSoASAFQAw%3D%3D",22.2718905,70.7603634,360024,Eye clinics in 360024 Rajkot eye hospitals,2026-08-24 11:53:01
Roshni eye hospital and laser centre,Hospital,,,,,Arogyam hospital near Saurashtra children hospital and Rajnagar chowk 7QHM+R84 Nana Mava Road Rajnagar Chowk,Arogyam hospital near Saurashtra children hospital and Rajnagar chowk Nana Mava Road Rajnagar Chowk,Rajkot,India,360024,9512244556,,5.0,152,,1 PM,Open · Closes 1 PM,"https://www.google.com/maps/place/Roshni+eye+hospital+and+laser+centre/@22.2718905,70.7603634,14z/data=!4m10!1m2!2m1!1sEye+clinics+in+360024+Rajkot+eye+hospitals!3m6!1s0x3959cb00289bdccd:0xd913f1054f6142e1!8m2!3d22.2795108!4d70.7833226!15sCipFeWUgY2xpbmljcyBpbiAzNjAwMjQgUmFqa290IGV5ZSBob3NwaXRhbHNaLCIqZXllIGNsaW5pY3MgaW4gMzYwMDI0IHJhamtvdCBleWUgaG9zcGl0YWxzkgEPZXllX2NhcmVfY2VudGVymgFEQ2k5RFFVbFJRVU52WkVOb2RIbGpSamx2VDJwR2RsTlhWbk5TVkZKb1VqSndhRnBzU2xSWFNGSXlUako0Y1ZaR1JSQULgAQD6AQQIcRAc!16s%2Fg%2F11vx0bpbjd?hl=en&entry=ttu&g_ep=EgoyMDI2MDgxOS4wIKXMDSoASAFQAw%3D%3D",22.2718905,70.7603634,360024,Eye clinics in 360024 Rajkot eye hospitals,2026-08-24 11:53:03
AKSHA EYE HOSPITAL -Mavdi,Hospital,,,,,3rd Floor Rajmahel Corporate Building 80 Feet Rd near matuki restaurant,3rd Floor Rajmahel Corporate Building 80 Feet Rd near matuki restaurant,Rajkot,India,360024,7574956000,https://www.eyehospitalrajkot.com/,5.0,152,,7:30 PM,Open · Closes 7:30 PM,"https://www.google.com/maps/place/AKSHA+EYE+HOSPITAL+-Mavdi/@22.2718905,70.7603634,14z/data=!4m10!1m2!2m1!1sEye+clinics+in+360024+Rajkot+eye+hospitals!3m6!1s0x3959cbf56f245eff:0xf8cc888e1c4d30ad!8m2!3d22.2459792!4d70.7872888!15sCipFeWUgY2xpbmljcyBpbiAzNjAwMjQgUmFqa290IGV5ZSBob3NwaXRhbHNaLCIqZXllIGNsaW5pY3MgaW4gMzYwMDI0IHJhamtvdCBleWUgaG9zcGl0YWxzkgEPZXllX2NhcmVfY2VudGVymgFEQ2k5RFFVbFJRVU52WkVOb2RIbGpSamx2VDJ0NFRHRldPVUpWUjNSNFkyeHNZVTFFVlRCaVZtaHBXVmhvZDFJell4QULgAQD6AQQILxAy!16s%2Fg%2F11yfn45t9d?hl=en&entry=ttu&g_ep=EgoyMDI2MDgxOS4wIKXMDSoASAFQAw%3D%3D",22.2718905,70.7603634,360024,Eye clinics in 360024 Rajkot eye hospitals,2026-08-24 11:53:04
𝗟𝗼𝗻𝗱𝗼𝗻 𝗘𝘆𝗲 - Optician D&G Gucci Tomford Best Branded Sunglasses in Rajkot,Hospital,,,,,Ground Floor Labh Enclave between to Mahila College Chowk,Ground Floor Labh Enclave between to Mahila College Chowk,Rajkot,India,360024,9429979511,,4.7,152,,9 PM,Open · Closes 9 PM,"https://www.google.com/maps/place/%F0%9D%97%9F%F0%9D%97%BC%F0%9D%97%BB%F0%9D%97%B1%F0%9D%97%BC%F0%9D%97%BB+%F0%9D%97%98%F0%9D%98%86%F0%9D%97%B2+-+Optician%7C+D%26G%7C+Gucci%7C+Tomford%7C+Best+Branded+Sunglasses+in+Rajkot/@22.2718905,70.7603634,14z/data=!4m10!1m2!2m1!1sEye+clinics+in+360024+Rajkot+eye+hospitals!3m6!1s0x3959ca2233fea6ff:0x74c8e578872c75f1!8m2!3d22.2967467!4d70.7868478!15sCipFeWUgY2xpbmljcyBpbiAzNjAwMjQgUmFqa290IGV5ZSBob3NwaXRhbHNaLCIqZXllIGNsaW5pY3MgaW4gMzYwMDI0IHJhamtvdCBleWUgaG9zcGl0YWxzkgEXY29udGFjdF9sZW5zZXNfc3VwcGxpZXLgAQA!16s%2Fg%2F11v60pvlm_?hl=en&entry=ttu&g_ep=EgoyMDI2MDgxOS4wIKXMDSoASAFQAw%3D%3D",22.2718905,70.7603634,360024,Eye clinics in 360024 Rajkot eye hospitals,2026-08-24 11:53:07
Dr. Milan's Retina Care Centre,Hospital,,,,,Alpviram Vidya Nagar Main Rd,Alpviram Vidya Nagar Main Rd,Rajkot,India,360024,0281 246 5066,,3.9,152,,7 PM,Open · Closes 7 PM,"https://www.google.com/maps/place/Dr.+Milan's+Retina+Care+Centre/@22.2967467,70.748739,14z/data=!4m10!1m2!2m1!1sEye+clinics+in+360024+Rajkot+eye+hospitals!3m6!1s0x3959ca16d1887aab:0x1015d67b67391b7!8m2!3d22.2868095!4d70.7922506!15sCipFeWUgY2xpbmljcyBpbiAzNjAwMjQgUmFqa290IGV5ZSBob3NwaXRhbHNaLCIqZXllIGNsaW5pY3MgaW4gMzYwMDI0IHJhamtvdCBleWUgaG9zcGl0YWxzkgEPZXllX2NhcmVfY2VudGVymgFEQ2k5RFFVbFJRVU52WkVOb2RIbGpSamx2VDJ0S1lWSXlZelJqYTNnMllUTmplazB5T1dsamEwNVhWbXhXY1dOWVl4QULgAQD6AQUI-AUQPw!16s%2Fg%2F11b70bw72x?hl=en&entry=ttu&g_ep=EgoyMDI2MDgxOS4wIKXMDSoASAFQAw%3D%3D",22.2967467,70.748739,360024,Eye clinics in 360024 Rajkot eye hospitals,2026-08-24 11:53:08
Khushee Eye Hospital Laser Center,Hospital,,,,,indraprasth flats Raiya Rd near Hanuman Madhi,indraprasth flats Raiya Rd near Hanuman Madhi,Rajkot,India,360024,,,4.4,152,,1 PM,Open · Closes 1 PM,"https://www.google.com/maps/place/Khushee+Eye+Hospital+Laser+Center/@22.2967467,70.748739,14z/data=!4m10!1m2!2m1!1sEye+clinics+in+360024+Rajkot+eye+hospitals!3m6!1s0x3959ca27f36b2113:0xdc9bd2eedab866d6!8m2!3d22.2994318!4d70.7774306!15sCipFeWUgY2xpbmljcyBpbiAzNjAwMjQgUmFqa290IGV5ZSBob3NwaXRhbHOSAQ9leWVfY2FyZV9jZW50ZXLgAQA!16s%2Fg%2F11c0z3c7s5?hl=en&entry=ttu&g_ep=EgoyMDI2MDgxOS4wIKXMDSoASAFQAw%3D%3D",22.2967467,70.748739,360024,Eye clinics in 360024 Rajkot eye hospitals,2026-08-24 11:53:09
SURE SIGHT LASER CENTRE,Hospital,,,,,1st Floor Pride One off Amin Marg opp. Vachhani Hospital,1st Floor Pride One off Amin Marg opp. Vachhani Hospital,Rajkot,India,360024,,http://suresightlasercenters.com/,4.5,152,,6 PM,Open · Closes 6 PM,"https://www.google.com/maps/place/SURE+SIGHT+LASER+CENTRE/@22.2967467,70.748739,14z/data=!4m10!1m2!2m1!1sEye+clinics+in+360024+Rajkot+eye+hospitals!3m6!1s0x3959cbcd54334eb9:0xaefb5e6ad8fc480a!8m2!3d22.2890815!4d70.784381!15sCipFeWUgY2xpbmljcyBpbiAzNjAwMjQgUmFqa290IGV5ZSBob3NwaXRhbHNaLCIqZXllIGNsaW5pY3MgaW4gMzYwMDI0IHJhamtvdCBleWUgaG9zcGl0YWxzkgEIaG9zcGl0YWyaASRDaGREU1VoTk1HOW5TMFZKUTBGblNVTlNOSEpoTjNKblJSQULgAQD6AQUIhgEQQw!16s%2Fg%2F11tsxphr1m?hl=en&entry=ttu&g_ep=EgoyMDI2MDgxOS4wIKXMDSoASAFQAw%3D%3D",22.2967467,70.748739,360024,Eye clinics in 360024 Rajkot eye hospitals,2026-08-24 11:53:10
✅ Chasmawalla - The Optician (Rajkot),Hospital,,,,,Krishnanagar Main Rd near Dholakia School,Krishnanagar Main Rd near Dholakia School,Rajkot,India,360024,7046488860,https://www.chasmawalla.in/,4.9,152,,10 PM,Open · Closes 10 PM,"https://www.google.com/maps/place/%E2%9C%85+Chasmawalla+-+The+Optician+(Rajkot)/@22.2967467,70.748739,14z/data=!4m10!1m2!2m1!1sEye+clinics+in+360024+Rajkot+eye+hospitals!3m6!1s0x3959cbd5d2c8453d:0xbb94d3098033750a!8m2!3d22.2708559!4d70.7932883!15sCipFeWUgY2xpbmljcyBpbiAzNjAwMjQgUmFqa290IGV5ZSBob3NwaXRhbHNaLCIqZXllIGNsaW5pY3MgaW4gMzYwMDI0IHJhamtvdCBleWUgaG9zcGl0YWxzkgEIb3B0aWNpYW7gAQA!16s%2Fg%2F11vwwm5jyc?hl=en&entry=ttu&g_ep=EgoyMDI2MDgxOS4wIKXMDSoASAFQAw%3D%3D",22.2967467,70.748739,360024,Eye clinics in 360024 Rajkot eye hospitals,2026-08-24 11:53:19
Dr. Jaimin Gadhvi,Hospital,,,,,Aadhya eye hospital Viraj complex University Rd near Krishna Complex near mayur bhajiya,Aadhya eye hospital Viraj complex University Rd near Krishna Complex near mayur bhajiya,Rajkot,India,360024,9979846939,,5.0,152,,12:30 PM,Open · Closes 12:30 PM,"https://www.google.com/maps/place/Dr.+Jaimin+Gadhvi/@22.2967467,70.748739,14z/data=!4m10!1m2!2m1!1sEye+clinics+in+360024+Rajkot+eye+hospitals!3m6!1s0x3959b58e23813169:0x97221ff24f1cfe68!8m2!3d22.2879813!4d70.7638197!15sCipFeWUgY2xpbmljcyBpbiAzNjAwMjQgUmFqa290IGV5ZSBob3NwaXRhbHNaLCIqZXllIGNsaW5pY3MgaW4gMzYwMDI0IHJhamtvdCBleWUgaG9zcGl0YWxzkgEPZXllX2NhcmVfY2VudGVymgEkQ2hkRFNVaE5NRzluUzBWSlEwRm5TVU5ZYkhWaFp6TkJSUkFC4AEA-gEECBoQKg!16s%2Fg%2F11cn68k8lt?hl=en&entry=ttu&g_ep=EgoyMDI2MDgxOS4wIKXMDSoASAFQAw%3D%3D",22.2967467,70.748739,360024,Eye clinics in 360024 Rajkot eye hospitals,2026-08-24 11:53:21
Natural vision Laser centre,Hospital,,,,,Aradhana Society Main Rd near Airport near Airport,Aradhana Society Main Rd near Airport near Airport,Rajkot,India,360024,9638677733,,4.4,152,,6:30 PM,Open · Closes 6:30 PM,"https://www.google.com/maps/place/Natural+vision+Laser+centre/@22.28158,70.7483552,14z/data=!4m10!1m2!2m1!1sEye+clinics+in+360024+Rajkot+eye+hospitals!3m6!1s0x3959cb10adc21d6d:0xfb8aad7ebc3b7174!8m2!3d22.3070037!4d70.7837626!15sCipFeWUgY2xpbmljcyBpbiAzNjAwMjQgUmFqa290IGV5ZSBob3NwaXRhbHNaLCIqZXllIGNsaW5pY3MgaW4gMzYwMDI0IHJhamtvdCBleWUgaG9zcGl0YWxzkgENbGFzaWtfc3VyZ2VvbpoBRENpOURRVWxSUVVOdlpFTm9kSGxqUmpsdlQydE9TVTVyUmsxVGFscExZVlpXV0ZSV1JtOWpTRVV3VjFSR00xVlhZeEFC4AEA-gEECAAQRQ!16s%2Fg%2F11fp4k0l8f?hl=en&entry=ttu&g_ep=EgoyMDI2MDgxOS4wIKXMDSoASAFQAw%3D%3D",22.28158,70.7483552,360024,Eye clinics in 360024 Rajkot eye hospitals,2026-08-24 11:53:40
Dr.Hindocha - Shivani Hospital,Hospital,,,,,7RG2+536 Dhebar Rd,Dhebar Rd,Rajkot,India,360024,,,4.1,152,,1 PM,Open · Closes 1 PM,"https://www.google.com/maps/place/Dr.Hindocha+-+Shivani+Hospital/@22.3070037,70.7456538,14z/data=!4m10!1m2!2m1!1sEye+clinics+in+360024+Rajkot+eye+hospitals!3m6!1s0x3959cbea30226a57:0xdbd2fba654bb0680!8m2!3d22.2754013!4d70.8001432!15sCipFeWUgY2xpbmljcyBpbiAzNjAwMjQgUmFqa290IGV5ZSBob3NwaXRhbHNaLCIqZXllIGNsaW5pY3MgaW4gMzYwMDI0IHJhamtvdCBleWUgaG9zcGl0YWxzkgEIaG9zcGl0YWyaAURDaTlEUVVsUlFVTnZaRU5vZEhsalJqbHZUMmt4Y1ZkVVpIcFBWRlpJWkZWR01HUkljRzFqYkVKdFUwaG9TVnBIWXhBQuABAPoBBQiCARA7!16s%2Fg%2F11gslv43yn?hl=en&entry=ttu&g_ep=EgoyMDI2MDgxOS4wIKXMDSoASAFQAw%3D%3D",22.3070037,70.7456538,360024,Eye clinics in 360024 Rajkot eye hospitals,2026-08-24 11:53:43
Dr Dharmesh Shah,Hospital,,,,,7QMQ+38J,,Rajkot,India,360024,0281 245 1121,,3.3,152,,1:30 PM,Open · Closes 1:30 PM,"https://www.google.com/maps/place/Dr+Dharmesh+Shah/@22.2754013,70.7620344,14z/data=!4m10!1m2!2m1!1sEye+clinics+in+360024+Rajkot+eye+hospitals!3m6!1s0x3959ca27f44eb8bd:0xd24eb69bdedfacfa!8m2!3d22.2827114!4d70.7882777!15sCipFeWUgY2xpbmljcyBpbiAzNjAwMjQgUmFqa290IGV5ZSBob3NwaXRhbHOSAQdzdXJnZW9u4AEA!16s%2Fg%2F1tc_cngv?hl=en&entry=ttu&g_ep=EgoyMDI2MDgxOS4wIKXMDSoASAFQAw%3D%3D",22.2754013,70.7620344,360024,Eye clinics in 360024 Rajkot eye hospitals,2026-08-24 11:53:44
Swami Narayan Hospital Gurukul Ashram,Hospital,,,,,Gondal Rd,Gondal Rd,Rajkot,India,360024,,,3.9,152,,5 PM,Open · Closes 5 PM,"https://www.google.com/maps/place/Swami+Narayan+Hospital+Gurukul+Ashram/@22.2754013,70.7620344,14z/data=!4m10!1m2!2m1!1sEye+clinics+in+360024+Rajkot+eye+hospitals!3m6!1s0x3959ca720d000007:0xc70b0547421e0c47!8m2!3d22.2759695!4d70.800225!15sCipFeWUgY2xpbmljcyBpbiAzNjAwMjQgUmFqa290IGV5ZSBob3NwaXRhbHOSAQhob3NwaXRhbOABAA!16s%2Fg%2F11c6pq1220?hl=en&entry=ttu&g_ep=EgoyMDI2MDgxOS4wIKXMDSoASAFQAw%3D%3D",22.2754013,70.7620344,360024,Eye clinics in 360024 Rajkot eye hospitals,2026-08-24 11:53:45
✅ Chasmawalla (UK Qualified Optician),Hospital,,,,,Holiday Corner Amin Marg next to Chandan Provision Store,Holiday Corner Amin Marg next to Chandan Provision Store,Rajkot,India,360024,7046188860,http://www.chasmawalla.in/,4.9,152,,9 PM,Open · Closes 9 PM,"https://www.google.com/maps/place/%E2%9C%85+Chasmawalla+(UK+Qualified+Optician)/@22.2754013,70.7620344,14z/data=!4m10!1m2!2m1!1sEye+clinics+in+360024+Rajkot+eye+hospitals!3m6!1s0x3959ca3b1adc8b61:0x256116e2c8a7ab1b!8m2!3d22.2873108!4d70.7803482!15sCipFeWUgY2xpbmljcyBpbiAzNjAwMjQgUmFqa290IGV5ZSBob3NwaXRhbHNaLCIqZXllIGNsaW5pY3MgaW4gMzYwMDI0IHJhamtvdCBleWUgaG9zcGl0YWxzkgEIb3B0aWNpYW7gAQA!16s%2Fg%2F1tdb_0rs?hl=en&entry=ttu&g_ep=EgoyMDI2MDgxOS4wIKXMDSoASAFQAw%3D%3D",22.2754013,70.7620344,360024,Eye clinics in 360024 Rajkot eye hospitals,2026-08-24 11:53:47
arham Eye Hospital & Cornea Care Centre,Hospital,,,,,7QMQ+44R Panchavati Society Main Road,Panchavati Society Main Road,Rajkot,India,360024,,,,152,,,,"https://www.google.com/maps/place/arham+Eye+Hospital+%26+Cornea+Care+Centre/@22.2873108,70.7422394,14z/data=!4m10!1m2!2m1!1sEye+clinics+in+360024+Rajkot+eye+hospitals!3m6!1s0x3959ca3e18c46917:0xc90f3d48c720d491!8m2!3d22.2828742!4d70.7877735!15sCipFeWUgY2xpbmljcyBpbiAzNjAwMjQgUmFqa290IGV5ZSBob3NwaXRhbHPgAQA!16s%2Fg%2F11nk11pn3c?hl=en&entry=ttu&g_ep=EgoyMDI2MDgxOS4wIKXMDSoASAFQAw%3D%3D",22.2873108,70.7422394,360024,Eye clinics in 360024 Rajkot eye hospitals,2026-08-24 11:53:49
gulbchand talakchand sheth ophthalmic hospital,Hospital,,,,,8R32+C39,,Rajkot,India,360024,,,5.0,152,,5 PM,Open · Closes 5 PM,"https://www.google.com/maps/place/gulbchand+talakchand+sheth+ophthalmic+hospital/@22.2873108,70.7422394,14z/data=!4m10!1m2!2m1!1sEye+clinics+in+360024+Rajkot+eye+hospitals!3m6!1s0x3959c93699a0cd97:0xeb243ac3e9a6beb0!8m2!3d22.3035289!4d70.8002188!15sCipFeWUgY2xpbmljcyBpbiAzNjAwMjQgUmFqa290IGV5ZSBob3NwaXRhbHOSAQ9leWVfY2FyZV9jZW50ZXLgAQA!16s%2Fg%2F11h6pyx6p6?hl=en&entry=ttu&g_ep=EgoyMDI2MDgxOS4wIKXMDSoASAFQAw%3D%3D",22.2873108,70.7422394,360024,Eye clinics in 360024 Rajkot eye hospitals,2026-08-24 11:53:50
DREAM VISION LASER CENTRE,Hospital,,,,,Akash 2nd Floor Amin Marg Kotecha Nagar,Akash 2nd Floor Amin Marg Kotecha Nagar,Rajkot,India,360024,7874724040,http://www.dreamvisionlasercentre.com/,3.9,152,,7 PM,Open · Closes 7 PM,"https://www.google.com/maps/place/DREAM+VISION+LASER+CENTRE/@22.3035289,70.76211,14z/data=!3m1!5s0x3959ca24a64672e1:0x37c8cb114fcaa614!4m10!1m2!2m1!1sEye+clinics+in+360024+Rajkot+eye+hospitals!3m6!1s0x3959ca232f8dd34d:0x67cf7f01bb24e64c!8m2!3d22.2901989!4d70.7846079!15sCipFeWUgY2xpbmljcyBpbiAzNjAwMjQgUmFqa290IGV5ZSBob3NwaXRhbHNaLCIqZXllIGNsaW5pY3MgaW4gMzYwMDI0IHJhamtvdCBleWUgaG9zcGl0YWxzkgEPZXllX2NhcmVfY2VudGVymgFEQ2k5RFFVbFJRVU52WkVOb2RIbGpSamx2VDJzNWIweFhPVmxsVldzMVVXeFdabFp0ZEdsTk0wNVpXVzVHUkZKRlJSQULgAQD6AQUIhwIQLw!16s%2Fg%2F11b6_nzb0v?hl=en&entry=ttu&g_ep=EgoyMDI2MDgxOS4wIKXMDSoASAFQAw%3D%3D",22.3035289,70.76211,360024,Eye clinics in 360024 Rajkot eye hospitals,2026-08-24 11:53:52
Dr. Ketan Bavishi,Hospital,,,,,2 1st floor Divine Healthcare Center Vidya Nagar Main Rd near Rashtriya Shala Road,2 1st floor Divine Healthcare Center Vidya Nagar Main Rd near Rashtriya Shala Road,Rajkot,India,360024,0281 246 5577,https://www.facebook.com/drketanbavishi/,3.5,152,,12:30 PM,Open · Closes 12:30 PM,"https://www.google.com/maps/place/Dr.+Ketan+Bavishi/@22.3035289,70.76211,14z/data=!3m1!5s0x3959ca1045cb22bf:0xd6b84ce05315bf43!4m10!1m2!2m1!1sEye+clinics+in+360024+Rajkot+eye+hospitals!3m6!1s0x3959ca1278f4820b:0xec25e719487b5132!8m2!3d22.2892044!4d70.7981642!15sCipFeWUgY2xpbmljcyBpbiAzNjAwMjQgUmFqa290IGV5ZSBob3NwaXRhbHNaLCIqZXllIGNsaW5pY3MgaW4gMzYwMDI0IHJhamtvdCBleWUgaG9zcGl0YWxzkgEHc3VyZ2VvbpoBJENoZERTVWhOTUc5blMwVkpRMEZuU1VONk0zUnROVFpuUlJBQuABAPoBBAgAECs!16s%2Fg%2F1hc4s4_6h?hl=en&entry=ttu&g_ep=EgoyMDI2MDgxOS4wIKXMDSoASAFQAw%3D%3D",22.3035289,70.76211,360024,Eye clinics in 360024 Rajkot eye hospitals,2026-08-24 11:53:54
Khushee eye hospital laser center & optical,Hospital,,,,,Vivekanand nagar corner Kothariya Main Rd near Ambedkar gate,Vivekanand nagar corner Kothariya Main Rd near Ambedkar gate,Rajkot,India,360024,7433910313,,1.0,152,,1 PM,Open · Closes 1 PM,"https://www.google.com/maps/place/Khushee+eye+hospital+laser+center+%26+optical/@22.2727891,70.774852,14z/data=!4m10!1m2!2m1!1sEye+clinics+in+360024+Rajkot+eye+hospitals!3m6!1s0x3959b5a35fadd6c7:0xa4d8e7d3f08f0eba!8m2!3d22.2727891!4d70.8129608!15sCipFeWUgY2xpbmljcyBpbiAzNjAwMjQgUmFqa290IGV5ZSBob3NwaXRhbHOSAQ9leWVfY2FyZV9jZW50ZXLgAQA!16s%2Fg%2F11y4z96_w1?hl=en&entry=ttu&g_ep=EgoyMDI2MDgxOS4wIKXMDSoASAFQAw%3D%3D",22.2727891,70.774852,360024,Eye clinics in 360024 Rajkot eye hospitals,2026-08-24 11:54:00
Sadguru Ranchhoddasji Maharaj Proposed Eye Hospital,Hospital,,,,,Kuvadava Road Opp Sadguru Ashram 360003,Kuvadava Road Opp Sadguru Ashram,Rajkot,India,360024,,,5.0,152,,,Open,"https://www.google.com/maps/place/Sadguru+Ranchhoddasji+Maharaj+Proposed+Eye+Hospital/@22.3073873,70.7781764,14z/data=!4m10!1m2!2m1!1sEye+clinics+in+360024+Rajkot+eye+hospitals!3m6!1s0x3959b606fc799ef1:0x536c0efda029b916!8m2!3d22.3073873!4d70.8162852!15sCipFeWUgY2xpbmljcyBpbiAzNjAwMjQgUmFqa290IGV5ZSBob3NwaXRhbHNaLCIqZXllIGNsaW5pY3MgaW4gMzYwMDI0IHJhamtvdCBleWUgaG9zcGl0YWxzkgEIaG9zcGl0YWyaASNDaFpEU1VoTk1HOW5TMFZKUTBGblRVTlpkSEl5VUZGUkVBReABAPoBBAgAECg!16s%2Fg%2F11h9qf1g64?hl=en&entry=ttu&g_ep=EgoyMDI2MDgxOS4wIKXMDSoASAFQAw%3D%3D",22.3073873,70.7781764,360024,Eye clinics in 360024 Rajkot eye hospitals,2026-08-24 11:54:06
Detroja MultiSpeciality Dental Hospital,Hospital,,,,,1st Samruddhi Complex University Rd near Bharat Dairy,1st Samruddhi Complex University Rd near Bharat Dairy,Rajkot,India,360024,8866194289,,5.0,152,,1 PM,Open · Closes 1 PM,"https://www.google.com/maps/place/Detroja+MultiSpeciality+Dental+Hospital/@22.3073873,70.7781764,14z/data=!3m1!5s0x3959ca2de2a7814d:0xddebb826351cf5de!4m10!1m2!2m1!1sEye+clinics+in+360024+Rajkot+eye+hospitals!3m6!1s0x3959ca2dfbedaf3f:0x83a9b2f410c1d0a0!8m2!3d22.2880607!4d70.7698203!15sCipFeWUgY2xpbmljcyBpbiAzNjAwMjQgUmFqa290IGV5ZSBob3NwaXRhbHNaLCIqZXllIGNsaW5pY3MgaW4gMzYwMDI0IHJhamtvdCBleWUgaG9zcGl0YWxzkgENZGVudGFsX2NsaW5pY5oBI0NoWkRTVWhOTUc5blMwVkpRMEZuU1VSb2VITlFWVWRSRUFF4AEA-gEECAAQLA!16s%2Fg%2F11c60mtrk8?hl=en&entry=ttu&g_ep=EgoyMDI2MDgxOS4wIKXMDSoASAFQAw%3D%3D",22.3073873,70.7781764,360024,Eye clinics in 360024 Rajkot eye hospitals,2026-08-24 11:54:09
Vision Hub Eye care & Opticals,Hospital,,,,,"Samrath"" Park venue building corner road Nana Mava Main Rd near Raj Residency opp. Haveli Appartment","Samrath"" Park venue building corner road Nana Mava Main Rd near Raj Residency opp. Haveli Appartment",Rajkot,India,360024,9408980444,,4.8,152,,8:30 PM,Open · Closes 8:30 PM,"https://www.google.com/maps/place/Vision+Hub+Eye+care+%26+Opticals/@22.2880607,70.7317115,14z/data=!4m10!1m2!2m1!1sEye+clinics+in+360024+Rajkot+eye+hospitals!3m6!1s0x3959cb5834104a45:0x2c7c6bff29a89b5b!8m2!3d22.2768669!4d70.774401!15sCipFeWUgY2xpbmljcyBpbiAzNjAwMjQgUmFqa290IGV5ZSBob3NwaXRhbHNaLCIqZXllIGNsaW5pY3MgaW4gMzYwMDI0IHJhamtvdCBleWUgaG9zcGl0YWxzkgEIb3B0aWNpYW7gAQA!16s%2Fg%2F11vt286xxv?hl=en&entry=ttu&g_ep=EgoyMDI2MDgxOS4wIKXMDSoASAFQAw%3D%3D",22.2880607,70.7317115,360024,Eye clinics in 360024 Rajkot eye hospitals,2026-08-24 11:54:12
Titan Eye+ at Kalavad Road Rajkot (Buy 1 Get 1 Free),Hospital,,,,,"Shop No.3,G/F Aradhana building Beside bank of Baroda Kotecha Chowk Kalawad Road Kalavad Rd",G/F Aradhana building Beside bank of Baroda Kotecha Chowk Kalawad Road Kalavad Rd,Rajkot,India,360024,7043697638,https://www.titaneyeplus.com/,4.9,152,,9:30 PM,Open · Closes 9:30 PM,"https://www.google.com/maps/place/Titan+Eye%2B+at+Kalavad+Road,+Rajkot+(Buy+1+Get+1+Free)/@22.2880607,70.7317115,14z/data=!3m1!5s0x3959ca269b25ae9d:0xbd745bf02ecdb503!4m10!1m2!2m1!1sEye+clinics+in+360024+Rajkot+eye+hospitals!3m6!1s0x3959cbc602b08d7b:0xcc9cb6692ac09b70!8m2!3d22.2911377!4d70.7794064!15sCipFeWUgY2xpbmljcyBpbiAzNjAwMjQgUmFqa290IGV5ZSBob3NwaXRhbHNaLCIqZXllIGNsaW5pY3MgaW4gMzYwMDI0IHJhamtvdCBleWUgaG9zcGl0YWxzkgEIb3B0aWNpYW7gAQA!16s%2Fg%2F11f2v044pr?hl=en&entry=ttu&g_ep=EgoyMDI2MDgxOS4wIKXMDSoASAFQAw%3D%3D",22.2880607,70.7317115,360024,Eye clinics in 360024 Rajkot eye hospitals,2026-08-24 11:54:19
New Vision Laser Center,Hospital,,,,,203 Embassy Building Opposite jubilee Baug Jawahar Rd,203 Embassy Building Opposite jubilee Baug Jawahar Rd,Rajkot,India,360024,,,4.6,152,,,,"https://www.google.com/maps/place/New+Vision+Laser+Center/@22.2920165,70.7657478,14z/data=!4m10!1m2!2m1!1sEye+clinics+in+360024+Rajkot+eye+hospitals!3m6!1s0x3959ca033e9a7fed:0x212c450dc5e7760e!8m2!3d22.3008724!4d70.800938!15sCipFeWUgY2xpbmljcyBpbiAzNjAwMjQgUmFqa290IGV5ZSBob3NwaXRhbHOSAQ9leWVfY2FyZV9jZW50ZXLgAQA!16s%2Fg%2F1tjyr_tf?hl=en&entry=ttu&g_ep=EgoyMDI2MDgxOS4wIKXMDSoASAFQAw%3D%3D",22.2920165,70.7657478,360024,Eye clinics in 360024 Rajkot eye hospitals,2026-08-24 11:54:42
Centre For Sight Eye Hospital,Hospital,,,,,203 Embassy Building Opp. Jubilee Baug Jawahar Road,203 Embassy Building Opp. Jubilee Baug Jawahar Road,Rajkot,India,360024,9558204559,,4.7,152,,6:30 PM,Open · Closes 6:30 PM,"https://www.google.com/maps/place/Centre+For+Sight+Eye+Hospital/@22.2920165,70.7657478,14z/data=!4m10!1m2!2m1!1sEye+clinics+in+360024+Rajkot+eye+hospitals!3m6!1s0x3959ca02c562776f:0x2909f9dfa56f2ac3!8m2!3d22.300918!4d70.800847!15sCipFeWUgY2xpbmljcyBpbiAzNjAwMjQgUmFqa290IGV5ZSBob3NwaXRhbHOSAQ1sYXNpa19zdXJnZW9u4AEA!16s%2Fg%2F11ckqn9n4m?hl=en&entry=ttu&g_ep=EgoyMDI2MDgxOS4wIKXMDSoASAFQAw%3D%3D",22.2920165,70.7657478,360024,Eye clinics in 360024 Rajkot eye hospitals,2026-08-24 11:54:44
NILKANTH HOSPITAL,Hospital,,,,,"80 FEET ROAD NEAR NATESHVAR MAHADEV TEMPLE,KOTHARIYA COLONY Main Rd",80 FEET ROAD NEAR NATESHVAR MAHADEV TEMPLE,Rajkot,India,360024,7862878638,,5.0,152,12:00 AM,11:59 PM,Open 24 hours,"https://www.google.com/maps/place/NILKANTH+HOSPITAL/@22.2920165,70.7657478,14z/data=!4m10!1m2!2m1!1sEye+clinics+in+360024+Rajkot+eye+hospitals!3m6!1s0x3959cbfe5fbf9cb9:0xaf65f45de5c625d4!8m2!3d22.2812102!4d70.8070632!15sCipFeWUgY2xpbmljcyBpbiAzNjAwMjQgUmFqa290IGV5ZSBob3NwaXRhbHOSAQhob3NwaXRhbOABAA!16s%2Fg%2F11nn40rk8s?hl=en&entry=ttu&g_ep=EgoyMDI2MDgxOS4wIKXMDSoASAFQAw%3D%3D",22.2920165,70.7657478,360024,Eye clinics in 360024 Rajkot eye hospitals,2026-08-24 11:54:49
𝗘𝘆𝗲 𝗖𝗮𝗻 𝗦𝗲𝗲 - Frames Optometrist Armani Prada Best Designer Glasses Shop in Rajkot,Hospital,,,,,kalawad road,kalawad road,Rajkot,India,360024,9898025055,,4.2,152,,9 PM,Open · Closes 9 PM,"https://www.google.com/maps/place/%F0%9D%97%98%F0%9D%98%86%F0%9D%97%B2+%F0%9D%97%96%F0%9D%97%AE%F0%9D%97%BB+%F0%9D%97%A6%F0%9D%97%B2%F0%9D%97%B2+-+Frames%7C+Optometrist%7C+Armani%7C+Prada%7C+Best+Designer+Glasses+Shop+in+Rajkot/@22.288853,70.7379412,14z/data=!4m10!1m2!2m1!1sEye+clinics+in+360024+Rajkot+eye+hospitals!3m6!1s0x3959ca255706ddd3:0xe4158c5b2b31c71f!8m2!3d22.288853!4d70.77605!15sCipFeWUgY2xpbmljcyBpbiAzNjAwMjQgUmFqa290IGV5ZSBob3NwaXRhbHNaLCIqZXllIGNsaW5pY3MgaW4gMzYwMDI0IHJhamtvdCBleWUgaG9zcGl0YWxzkgEIb3B0aWNpYW7gAQA!16s%2Fg%2F11c3_9qc03?hl=en&entry=ttu&g_ep=EgoyMDI2MDgxOS4wIKXMDSoASAFQAw%3D%3D",22.288853,70.7379412,360024,Eye clinics in 360024 Rajkot eye hospitals,2026-08-24 11:55:27
Eyepost,Hospital,,,,,Shop no.24 Jasal Complex 150 Feet Ring Road Nanavati Cir opp. Sterling Hospital,Shop no.24 Jasal Complex 150 Feet Ring Road Nanavati Cir opp. Sterling Hospital,Rajkot,India,360024,8000600048,,4.9,152,,9 PM,Open · Closes 9 PM,"https://www.google.com/maps/place/Eyepost/@22.288853,70.7379412,14z/data=!4m10!1m2!2m1!1sEye+clinics+in+360024+Rajkot+eye+hospitals!3m6!1s0x3959c99c4a201993:0xfa87d26fc0d4ad5d!8m2!3d22.3057328!4d70.7688172!15sCipFeWUgY2xpbmljcyBpbiAzNjAwMjQgUmFqa290IGV5ZSBob3NwaXRhbHNaLCIqZXllIGNsaW5pY3MgaW4gMzYwMDI0IHJhamtvdCBleWUgaG9zcGl0YWxzkgEIb3B0aWNpYW6aASNDaFpEU1VoTk1HOW5TMFZOU0V0d05qTjBOMDB0Y0ZObkVBReABAPoBBQijARAr!16s%2Fg%2F11c5b5tn8d?hl=en&entry=ttu&g_ep=EgoyMDI2MDgxOS4wIKXMDSoASAFQAw%3D%3D",22.288853,70.7379412,360024,Eye clinics in 360024 Rajkot eye hospitals,2026-08-24 11:55:32
PARAM HOSPITAL ( ORTHOPAEDIC AND EYE HOSPITAL)Doctor House,Hospital,,,,,Gondal Rd opp. LODHAWAD POLICE CHOWKY,Gondal Rd opp. LODHAWAD POLICE CHOWKY,Rajkot,India,360024,,,5.0,152,12:00 AM,11:59 PM,Open 24 hours,"https://www.google.com/maps/place/PARAM+HOSPITAL+(+ORTHOPAEDIC+AND+EYE+HOSPITAL)Doctor+House/@22.2900537,70.7628297,14z/data=!4m10!1m2!2m1!1sEye+clinics+in+360024+Rajkot+eye+hospitals!3m6!1s0x3959ca0fc280e3ef:0xa2770cd97affc6b3!8m2!3d22.2900537!4d70.8009385!15sCipFeWUgY2xpbmljcyBpbiAzNjAwMjQgUmFqa290IGV5ZSBob3NwaXRhbHOSARJvcnRob3BlZGljX3N1cmdlb27gAQA!16s%2Fg%2F1thxtm2w?hl=en&entry=ttu&g_ep=EgoyMDI2MDgxOS4wIKXMDSoASAFQAw%3D%3D",22.2900537,70.7628297,360024,Eye clinics in 360024 Rajkot eye hospitals,2026-08-24 11:55:34
Dr Vijay Maheshwari,Hospital,,,,,Mheshwari Eye Care Hospital near Gandhi Museum,,Rajkot,India,360024,,,4.4,152,,,,"https://www.google.com/maps/place/Dr+Vijay+Maheshwari/@22.2900537,70.7628297,14z/data=!4m10!1m2!2m1!1sEye+clinics+in+360024+Rajkot+eye+hospitals!3m6!1s0x3959cb1091914d53:0xb906252660520a92!8m2!3d22.2989941!4d70.7977885!15sCipFeWUgY2xpbmljcyBpbiAzNjAwMjQgUmFqa290IGV5ZSBob3NwaXRhbHOSAQ9vcGh0aGFsbW9sb2dpc3TgAQA!16s%2Fg%2F11qjglh2_8?hl=en&entry=ttu&g_ep=EgoyMDI2MDgxOS4wIKXMDSoASAFQAw%3D%3D",22.2900537,70.7628297,360024,Eye clinics in 360024 Rajkot eye hospitals,2026-08-24 11:55:38
Dr.Manoj Bhatt Clinic,Hospital,,,,,Bhatt Eye Hospital 97 Janta Society Tagore Rd,Bhatt Eye Hospital 97 Janta Society Tagore Rd,Rajkot,India,360024,,,5.0,152,,,,"https://www.google.com/maps/place/Dr.Manoj+Bhatt+Clinic/@22.2900537,70.7628297,14z/data=!4m10!1m2!2m1!1sEye+clinics+in+360024+Rajkot+eye+hospitals!3m6!1s0x3959cbc77db39cdb:0xc3f2d8f4febef97f!8m2!3d22.2926603!4d70.7871826!15sCipFeWUgY2xpbmljcyBpbiAzNjAwMjQgUmFqa290IGV5ZSBob3NwaXRhbHOSAQ5tZWRpY2FsX2NsaW5pY-ABAA!16s%2Fg%2F11h0_f7gdm?hl=en&entry=ttu&g_ep=EgoyMDI2MDgxOS4wIKXMDSoASAFQAw%3D%3D",22.2900537,70.7628297,360024,Eye clinics in 360024 Rajkot eye hospitals,2026-08-24 11:55:46
Eyepost- An Optical showroom,Hospital,,,,,Street Number 3 150 Feet Ring Rd near Kohinoor Apartment below shraddha eye hospital Jalaram,Street Number 3 150 Feet Ring Rd near Kohinoor Apartment below shraddha eye hospital Jalaram,Rajkot,India,360024,8000700075,,4.9,152,,9 PM,Open · Closes 9 PM,"https://www.google.com/maps/place/Eyepost-+An+Optical+showroom/@22.2901589,70.732507,14z/data=!4m10!1m2!2m1!1sEye+clinics+in+360024+Rajkot+eye+hospitals!3m6!1s0x3959cbe8f26fffe5:0x31d6cf4d141e5f64!8m2!3d22.2901589!4d70.7706158!15sCipFeWUgY2xpbmljcyBpbiAzNjAwMjQgUmFqa290IGV5ZSBob3NwaXRhbHNaLCIqZXllIGNsaW5pY3MgaW4gMzYwMDI0IHJhamtvdCBleWUgaG9zcGl0YWxzkgEIb3B0aWNpYW7gAQA!16s%2Fg%2F11n6hd3hcn?hl=en&entry=ttu&g_ep=EgoyMDI2MDgxOS4wIKXMDSoASAFQAw%3D%3D",22.2901589,70.732507,360024,Eye clinics in 360024 Rajkot eye hospitals,2026-08-24 11:55:50
EyeMax Vision Rajkot,Hospital,,,,,Swaminarayan Gurukul Building Dhebar Rd,Swaminarayan Gurukul Building Dhebar Rd,Rajkot,India,360024,9924505544,,4.8,152,,9 PM,Open · Closes 9 PM,"https://www.google.com/maps/place/EyeMax+Vision+Rajkot/@22.2773559,70.7620542,14z/data=!4m10!1m2!2m1!1sEye+clinics+in+360024+Rajkot+eye+hospitals!3m6!1s0x3959ca72767baa9b:0x56d8015c113d3507!8m2!3d22.2773559!4d70.800163!15sCipFeWUgY2xpbmljcyBpbiAzNjAwMjQgUmFqa290IGV5ZSBob3NwaXRhbHNaLCIqZXllIGNsaW5pY3MgaW4gMzYwMDI0IHJhamtvdCBleWUgaG9zcGl0YWxzkgEIb3B0aWNpYW6aASRDaGREU1VoTk1HOW5TMFZKUTBGblNVTXhPSEZ1VHpWQlJSQULgAQD6AQQIABAx!16s%2Fg%2F1tgf65bf?hl=en&entry=ttu&g_ep=EgoyMDI2MDgxOS4wIKXMDSoASAFQAw%3D%3D",22.2773559,70.7620542,360024,Eye clinics in 360024 Rajkot eye hospitals,2026-08-24 11:55:56
Shah Dr Bharat J,Hospital,,,,,Bhutkhana Chowk,Bhutkhana Chowk,Rajkot,India,360024,9825375801,https://book-appointment.healthplix.com/dr-bharat-shah-eye-surgeon--bhutkhana-chowk-rajkot,5.0,152,,1 PM,Open · Closes 1 PM,"https://www.google.com/maps/place/Shah+Dr+Bharat+J/@22.2773559,70.7620542,14z/data=!4m10!1m2!2m1!1sEye+clinics+in+360024+Rajkot+eye+hospitals!3m6!1s0x3959ca05e8be55b5:0x1fa93dcfa2d2b974!8m2!3d22.2894268!4d70.8012417!15sCipFeWUgY2xpbmljcyBpbiAzNjAwMjQgUmFqa290IGV5ZSBob3NwaXRhbHOSAQZkb2N0b3LgAQA!16s%2Fg%2F1thp6d5_?hl=en&entry=ttu&g_ep=EgoyMDI2MDgxOS4wIKXMDSoASAFQAw%3D%3D",22.2773559,70.7620542,360024,Eye clinics in 360024 Rajkot eye hospitals,2026-08-24 11:56:07
Kabir Opatical,Hospital,,,,,Karansinhji Rd near Keshubhai Mehta Eye Hospital,Karansinhji Rd near Keshubhai Mehta Eye Hospital,Rajkot,India,360024,7574077771,,4.9,152,,8:30 PM,Open · Closes 8:30 PM,"https://www.google.com/maps/place/Kabir+Opatical/@22.2773559,70.7620542,14z/data=!4m10!1m2!2m1!1sEye+clinics+in+360024+Rajkot+eye+hospitals!3m6!1s0x3959cb40583ecbfd:0xa402fe646ae5e93!8m2!3d22.2930159!4d70.8037758!15sCipFeWUgY2xpbmljcyBpbiAzNjAwMjQgUmFqa290IGV5ZSBob3NwaXRhbHNaLCIqZXllIGNsaW5pY3MgaW4gMzYwMDI0IHJhamtvdCBleWUgaG9zcGl0YWxzkgEIb3B0aWNpYW7gAQA!16s%2Fg%2F11n0_whfnj?hl=en&entry=ttu&g_ep=EgoyMDI2MDgxOS4wIKXMDSoASAFQAw%3D%3D",22.2773559,70.7620542,360024,Eye clinics in 360024 Rajkot eye hospitals,2026-08-24 11:56:11
VIVEKANANDA OPTICAL SHOP (SHREE RAMROOP),Hospital,,,,,7QQW+J2M SHRI RAMAKRISHNA EYE HOSPITAL VIVEKANANDA STATUE STREET Dr Yagnik Rd near JASANI COLLAGE,SHRI RAMAKRISHNA EYE HOSPITAL VIVEKANANDA STATUE STREET Dr Yagnik Rd near JASANI COLLAGE,Rajkot,India,360024,7202020363,,5.0,152,,12:30 PM,Open · Closes 12:30 PM,"https://www.google.com/maps/place/VIVEKANANDA+OPTICAL+SHOP+(SHREE+RAMROOP)/@22.2773559,70.7620542,14z/data=!4m10!1m2!2m1!1sEye+clinics+in+360024+Rajkot+eye+hospitals!3m6!1s0x3959cbf0b3e9b655:0x2523bac193aaf603!8m2!3d22.2894222!4d70.7958435!15sCipFeWUgY2xpbmljcyBpbiAzNjAwMjQgUmFqa290IGV5ZSBob3NwaXRhbHOSAQtvcHRvbWV0cmlzdOABAA!16s%2Fg%2F11b_00k2fq?hl=en&entry=ttu&g_ep=EgoyMDI2MDgxOS4wIKXMDSoASAFQAw%3D%3D",22.2773559,70.7620542,360024,Eye clinics in 360024 Rajkot eye hospitals,2026-08-24 11:56:16
Shastri Shri Dharmajivandasji Swami Rajkot Gurukul Hospital,Hospital,,,,,Dhebar Road near Rajkot Gurukul Shree Swaminarayan Gurukul Rajkot Sansthan,Dhebar Road near Rajkot Gurukul,Rajkot,India,360024,,http://www.rajkotgurukul.org/,4.1,152,,7 PM,Open · Closes 7 PM,"https://www.google.com/maps/place/Shastri+Shri+Dharmajivandasji+Swami+Rajkot+Gurukul+Hospital/@22.2773559,70.7620542,14z/data=!4m10!1m2!2m1!1sEye+clinics+in+360024+Rajkot+eye+hospitals!3m6!1s0x3959ca6df06b09e9:0x5a6c939bbe6ff6d3!8m2!3d22.2749857!4d70.799452!15sCipFeWUgY2xpbmljcyBpbiAzNjAwMjQgUmFqa290IGV5ZSBob3NwaXRhbHNaLCIqZXllIGNsaW5pY3MgaW4gMzYwMDI0IHJhamtvdCBleWUgaG9zcGl0YWxzkgEIaG9zcGl0YWyaASNDaFpEU1VoTk1HOW5TMFZKUTBGblNVUktMWEpoYW1SbkVBReABAPoBBAgAECU!16s%2Fg%2F11c6vh7h97?hl=en&entry=ttu&g_ep=EgoyMDI2MDgxOS4wIKXMDSoASAFQAw%3D%3D",22.2773559,70.7620542,360024,Eye clinics in 360024 Rajkot eye hospitals,2026-08-24 11:56:20
Natural vision eye yoga,Hospital,,,,,22/39 B20.vidhyabhavan society opp. Khodiyar sweet,22/39 B20.vidhyabhavan society opp. Khodiyar sweet,Rajkot,India,360024,9925558111,,4.8,152,,,,"https://www.google.com/maps/place/Natural+vision+eye+yoga/@22.2773559,70.7620542,14z/data=!4m10!1m2!2m1!1sEye+clinics+in+360024+Rajkot+eye+hospitals!3m6!1s0x3959cb9bb6c5365f:0x6eafdd917e94943!8m2!3d22.2955038!4d70.7899772!15sCipFeWUgY2xpbmljcyBpbiAzNjAwMjQgUmFqa290IGV5ZSBob3NwaXRhbHNaLCIqZXllIGNsaW5pY3MgaW4gMzYwMDI0IHJhamtvdCBleWUgaG9zcGl0YWxzkgEPZXllX2NhcmVfY2VudGVymgFEQ2k5RFFVbFJRVU52WkVOb2RIbGpSamx2VDJ0bmVGVXhTWGhTU0ZwRldXdzVjbVF3UmpKV1dGWk1WMFJzUTJSclJSQULgAQD6AQQIABAd!16s%2Fg%2F11qq3x9gp2?hl=en&entry=ttu&g_ep=EgoyMDI2MDgxOS4wIKXMDSoASAFQAw%3D%3D",22.2773559,70.7620542,360024,Eye clinics in 360024 Rajkot eye hospitals,2026-08-24 11:56:54
Mark Optic,Hospital,,,,,Samruddhi Complex University Rd near Dr. Detroja Eye Hospital,Samruddhi Complex University Rd near Dr. Detroja Eye Hospital,Rajkot,India,360024,9825321014,,4.4,152,,9:15 PM,Open · Closes 9:15 PM,"https://www.google.com/maps/place/Mark+Optic/@22.2880839,70.7317487,14z/data=!4m10!1m2!2m1!1sEye+clinics+in+360024+Rajkot+eye+hospitals!3m6!1s0x3959cbd043989751:0x126d572aa052cfea!8m2!3d22.2880839!4d70.7698575!15sCipFeWUgY2xpbmljcyBpbiAzNjAwMjQgUmFqa290IGV5ZSBob3NwaXRhbHNaLCIqZXllIGNsaW5pY3MgaW4gMzYwMDI0IHJhamtvdCBleWUgaG9zcGl0YWxzkgEIb3B0aWNpYW6aASRDaGREU1VoTk1HOW5TMFZKUTBGblNVUTVaemd6T0RGM1JSQULgAQD6AQQIABBH!16s%2Fg%2F1tdpq18w?hl=en&entry=ttu&g_ep=EgoyMDI2MDgxOS4wIKXMDSoASAFQAw%3D%3D",22.2880839,70.7317487,360024,Eye clinics in 360024 Rajkot eye hospitals,2026-08-24 11:57:12
New Hi Tech Opticals Best Optical Shop Rajkot Best Opticians Branded Sunglasses In Rajkot,Hospital,,,,,Opal Plaza Akshar Main Marg Amin Marg,Opal Plaza Akshar Main Marg Amin Marg,Rajkot,India,360024,9898494084,https://www.instagram.com/newhitechoptical?igsh=cjgzcDE2a3U4NDV1,4.1,152,,9:30 PM,Open · Closes 9:30 PM,"https://www.google.com/maps/place/New+Hi+Tech+Opticals+%7C%7C+Best+Optical+Shop+Rajkot+%7C%7C+Best+Opticians+%7C%7C+Branded+Sunglasses+In+Rajkot/@22.2880839,70.7317487,14z/data=!3m1!5s0x3959ca2348a23697:0x9bc2da345a43ff08!4m10!1m2!2m1!1sEye+clinics+in+360024+Rajkot+eye+hospitals!3m6!1s0x3959ca3b1422b099:0xd20e090d9cbf77af!8m2!3d22.2901934!4d70.7836739!15sCipFeWUgY2xpbmljcyBpbiAzNjAwMjQgUmFqa290IGV5ZSBob3NwaXRhbHNaLCIqZXllIGNsaW5pY3MgaW4gMzYwMDI0IHJhamtvdCBleWUgaG9zcGl0YWxzkgEIb3B0aWNpYW7gAQA!16s%2Fg%2F1tgdgcw4?hl=en&entry=ttu&g_ep=EgoyMDI2MDgxOS4wIKXMDSoASAFQAw%3D%3D",22.2880839,70.7317487,360024,Eye clinics in 360024 Rajkot eye hospitals,2026-08-24 11:57:49
Sun N Shade,Hospital,,,,,Coins Corner Dr Yagnik Rd off Gymkhana Road nr. jagnath temple,Coins Corner Dr Yagnik Rd off Gymkhana Road nr. jagnath temple,Rajkot,India,360024,9427564030,http://www.sunnshade.co.in/,4.6,152,,8:45 PM,Open · Closes 8:45 PM,"https://www.google.com/maps/place/Sun+N+Shade/@22.2927402,70.7537708,14z/data=!4m10!1m2!2m1!1sEye+clinics+in+360024+Rajkot+eye+hospitals!3m6!1s0x3959ca19b942ac15:0x6f9a1b90bfb6be57!8m2!3d22.2927402!4d70.7918796!15sCipFeWUgY2xpbmljcyBpbiAzNjAwMjQgUmFqa290IGV5ZSBob3NwaXRhbHNaLCIqZXllIGNsaW5pY3MgaW4gMzYwMDI0IHJhamtvdCBleWUgaG9zcGl0YWxzkgEIb3B0aWNpYW7gAQA!16s%2Fg%2F1vfzckqx?hl=en&entry=ttu&g_ep=EgoyMDI2MDgxOS4wIKXMDSoASAFQAw%3D%3D",22.2927402,70.7537708,360024,Eye clinics in 360024 Rajkot eye hospitals,2026-08-24 11:57:58
Emoha Rajkot,Hospital,,,,,B/H Balaji Hall Sardar Patel Park B/L savalia eye hospital 150 Feet Ring Rd,B/H Balaji Hall Sardar Patel Park B/L savalia eye hospital 150 Feet Ring Rd,Rajkot,India,360024,9904636025,https://emoha.com/,5.0,152,,9 PM,Open · Closes 9 PM,"https://www.google.com/maps/place/Emoha+Rajkot/@22.2927402,70.7537708,14z/data=!4m10!1m2!2m1!1sEye+clinics+in+360024+Rajkot+eye+hospitals!3m6!1s0x3959cb246adfd0df:0xe9d2594b8d7af02f!8m2!3d22.2710342!4d70.7794866!15sCipFeWUgY2xpbmljcyBpbiAzNjAwMjQgUmFqa290IGV5ZSBob3NwaXRhbHNaLCIqZXllIGNsaW5pY3MgaW4gMzYwMDI0IHJhamtvdCBleWUgaG9zcGl0YWxzkgERaGVhbHRoX2NvbnN1bHRhbnTgAQA!16s%2Fg%2F11zjcy1pm2?hl=en&entry=ttu&g_ep=EgoyMDI2MDgxOS4wIKXMDSoASAFQAw%3D%3D",22.2927402,70.7537708,360024,Eye clinics in 360024 Rajkot eye hospitals,2026-08-24 11:58:02
𝗧𝘂𝗹𝘀𝗶 𝗢𝗽𝘁𝗶𝗰𝗮𝗹,Hospital,,,,,Ground Floor Akshar Vats Complex Dr Yagnik Rd opp. Kalyan Jewellers,Ground Floor Akshar Vats Complex Dr Yagnik Rd opp. Kalyan Jewellers,Rajkot,India,360024,7202979900,http://www.tulsioptical.com/,4.9,152,,9:30 PM,Open · Closes 9:30 PM,"https://www.google.com/maps/place/%F0%9D%97%A7%F0%9D%98%82%F0%9D%97%B9%F0%9D%98%80%F0%9D%97%B6+%F0%9D%97%A2%F0%9D%97%BD%F0%9D%98%81%F0%9D%97%B6%F0%9D%97%B0%F0%9D%97%AE%F0%9D%97%B9/@22.2927402,70.7537708,14z/data=!3m1!5s0x3959ca19a984e587:0x6b70773bf3446416!4m10!1m2!2m1!1sEye+clinics+in+360024+Rajkot+eye+hospitals!3m6!1s0x3959cba829be9591:0x16251ed3ad9c3cc4!8m2!3d22.2930876!4d70.7915954!15sCipFeWUgY2xpbmljcyBpbiAzNjAwMjQgUmFqa290IGV5ZSBob3NwaXRhbHNaLCIqZXllIGNsaW5pY3MgaW4gMzYwMDI0IHJhamtvdCBleWUgaG9zcGl0YWxzkgEIb3B0aWNpYW7gAQA!16s%2Fg%2F11m5pl38qr?hl=en&entry=ttu&g_ep=EgoyMDI2MDgxOS4wIKXMDSoASAFQAw%3D%3D",22.2927402,70.7537708,360024,Eye clinics in 360024 Rajkot eye hospitals,2026-08-24 11:58:15
Eyeview Optic,Hospital,,,,,Decora Square Sadhu Vasvani Rd opp. Sadhu vasvani School below ICICI bank,Decora Square Sadhu Vasvani Rd opp. Sadhu vasvani School below ICICI bank,Rajkot,India,360024,9925052796,https://eyeviewoptic.in/,5.0,152,,2 PM,Open · Closes 2 PM,"https://www.google.com/maps/place/Eyeview+Optic/@22.2896911,70.7233041,14z/data=!4m10!1m2!2m1!1sEye+clinics+in+360024+Rajkot+eye+hospitals!3m6!1s0x3959ca2e732b77c5:0x4bb5b7c5ace2fe37!8m2!3d22.2896911!4d70.7614129!15sCipFeWUgY2xpbmljcyBpbiAzNjAwMjQgUmFqa290IGV5ZSBob3NwaXRhbHNaLCIqZXllIGNsaW5pY3MgaW4gMzYwMDI0IHJhamtvdCBleWUgaG9zcGl0YWxzkgEIb3B0aWNpYW7gAQA!16s%2Fg%2F11bv30j2wz?hl=en&entry=ttu&g_ep=EgoyMDI2MDgxOS4wIKXMDSoASAFQAw%3D%3D",22.2896911,70.7233041,360024,Eye clinics in 360024 Rajkot eye hospitals,2026-08-24 11:58:23
Shree Sanjivani Hospital - Rajkot,Hospital,,,,,150 Feet Ring Rd opp. Karadiya Rajput Samaj Vadi,150 Feet Ring Rd opp. Karadiya Rajput Samaj Vadi,Rajkot,India,360024,7990635543,https://www.sanjivanitrust.org/,4.8,152,,1 PM,Open · Closes 1 PM,"https://www.google.com/maps/place/Shree+Sanjivani+Hospital+-+Rajkot/@22.2642292,70.7465907,14z/data=!4m10!1m2!2m1!1sEye+clinics+in+360024+Rajkot+eye+hospitals!3m6!1s0x3959ca5cfbce3f87:0x3259a4a901b8f3b6!8m2!3d22.2642292!4d70.7846995!15sCipFeWUgY2xpbmljcyBpbiAzNjAwMjQgUmFqa290IGV5ZSBob3NwaXRhbHNaLCIqZXllIGNsaW5pY3MgaW4gMzYwMDI0IHJhamtvdCBleWUgaG9zcGl0YWxzkgEIaG9zcGl0YWyaAURDaTlEUVVsUlFVTnZaRU5vZEhsalJqbHZUMnhDV0dFeFZsQk5hMmd4VlRCV1NsUnFhRWxhUlU1eFdsUm9abEpXUlJBQuABAPoBBAgAEDA!16s%2Fg%2F11b6zs2b58?hl=en&entry=ttu&g_ep=EgoyMDI2MDgxOS4wIKXMDSoASAFQAw%3D%3D",22.2642292,70.7465907,360024,Eye clinics in 360024 Rajkot eye hospitals,2026-08-24 11:58:34
New vision optical,Hospital,,,,,Karansinhji Rd opp. kesubhai eye hospital,Karansinhji Rd opp. kesubhai eye hospital,Rajkot,India,360024,,,5.0,152,,9:30 PM,Open · Closes 9:30 PM,"https://www.google.com/maps/place/New+vision+optical/@22.2918112,70.7659594,14z/data=!4m10!1m2!2m1!1sEye+clinics+in+360024+Rajkot+eye+hospitals!3m6!1s0x3959cb3316d14e87:0x15d3c6e4aa1a31df!8m2!3d22.2918112!4d70.8040682!15sCipFeWUgY2xpbmljcyBpbiAzNjAwMjQgUmFqa290IGV5ZSBob3NwaXRhbHNaLCIqZXllIGNsaW5pY3MgaW4gMzYwMDI0IHJhamtvdCBleWUgaG9zcGl0YWxzkgEIb3B0aWNpYW7gAQA!16s%2Fg%2F11yycq1y09?hl=en&entry=ttu&g_ep=EgoyMDI2MDgxOS4wIKXMDSoASAFQAw%3D%3D",22.2918112,70.7659594,360024,Eye clinics in 360024 Rajkot eye hospitals,2026-08-24 11:58:43
Doshi Eye Care Clinic,Hospital,,,,,Arpan Complex Kalavad Rd near Tirupati Petrol Pump,Arpan Complex Kalavad Rd near Tirupati Petrol Pump,Rajkot,India,360024,0281 245 0531,,1.0,152,,,,"https://www.google.com/maps/place/Doshi+Eye+Care+Clinic/@22.292149,70.7433379,14z/data=!4m10!1m2!2m1!1sEye+clinics+in+360024+Rajkot+eye+hospitals!3m6!1s0x3959ca2462dea45b:0xdc99517321c56866!8m2!3d22.292149!4d70.7814467!15sCipFeWUgY2xpbmljcyBpbiAzNjAwMjQgUmFqa290IGV5ZSBob3NwaXRhbHOSAQ9leWVfY2FyZV9jZW50ZXLgAQA!16s%2Fg%2F1thtm_d3?hl=en&entry=ttu&g_ep=EgoyMDI2MDgxOS4wIKXMDSoASAFQAw%3D%3D",22.292149,70.7433379,360024,Eye clinics in 360024 Rajkot eye hospitals,2026-08-24 11:58:47
HCG Hospitals Rajkot,Hospital,,,,,HCG Hospital Road Near Aastha Avenue 150 Feet Ring Road Ayodhya Chowk,HCG Hospital Road Near Aastha Avenue 150 Feet Ring Road Ayodhya Chowk,Rajkot,India,360024,080 4293 0896,https://www.hcgoncology.com/cancer-centers/hcg-cancer-centre-Rajkot/,4.8,152,12:00 AM,11:59 PM,Open 24 hours,"https://www.google.com/maps/place/HCG+Hospitals,+Rajkot/@22.3194779,70.7354213,14z/data=!4m10!1m2!2m1!1sEye+clinics+in+360024+Rajkot+eye+hospitals!3m6!1s0x3959c96a6168f28d:0x7d5bb35dff684c02!8m2!3d22.3194779!4d70.7735301!15sCipFeWUgY2xpbmljcyBpbiAzNjAwMjQgUmFqa290IGV5ZSBob3NwaXRhbHNaLCIqZXllIGNsaW5pY3MgaW4gMzYwMDI0IHJhamtvdCBleWUgaG9zcGl0YWxzkgEXY2FuY2VyX3RyZWF0bWVudF9jZW50ZXLgAQA!16s%2Fg%2F11ghfsb7sd?hl=en&entry=ttu&g_ep=EgoyMDI2MDgxOS4wIKXMDSoASAFQAw%3D%3D",22.3194779,70.7354213,360024,Eye clinics in 360024 Rajkot eye hospitals,2026-08-24 11:59:13
Lenskart.com at Yagnik Road Rajkot (First Lens Replacement Free),Hospital,,,,,Ground Floor Royal Corner Sardarnagar Main Road Dr Yagnik Rd,Ground Floor Royal Corner Sardarnagar Main Road Dr Yagnik Rd,Rajkot,India,360024,8800774907,https://www.lenskart.com/stores/lenskart-com-Yagnik-Road-Sradar-Nagar-Rajkot-84331/Home,4.8,152,,10 PM,Open · Closes 10 PM,"https://www.google.com/maps/place/Lenskart.com+at+Yagnik+Road,+Rajkot+(First+Lens+Replacement+Free)/@22.3194779,70.7354213,14z/data=!4m10!1m2!2m1!1sEye+clinics+in+360024+Rajkot+eye+hospitals!3m6!1s0x3959cb1c546b3ac5:0xe06a75291aa828a0!8m2!3d22.2928147!4d70.7916157!15sCipFeWUgY2xpbmljcyBpbiAzNjAwMjQgUmFqa290IGV5ZSBob3NwaXRhbHNaLCIqZXllIGNsaW5pY3MgaW4gMzYwMDI0IHJhamtvdCBleWUgaG9zcGl0YWxzkgEIb3B0aWNpYW7gAQA!16s%2Fg%2F11j38kvg1y?hl=en&entry=ttu&g_ep=EgoyMDI2MDgxOS4wIKXMDSoASAFQAw%3D%3D",22.3194779,70.7354213,360024,Eye clinics in 360024 Rajkot eye hospitals,2026-08-24 11:59:17
Lenskart.com at Kotecha Chowk Rajkot (First Lens Replacement Free),Hospital,,,,,Shop No 1 Aradhana Kalavad Rd,Shop No 1 Aradhana Kalavad Rd,Rajkot,India,360024,8447745869,https://www.lenskart.com/stores/lenskart-com-Kotecha-Chowk-Kalawad-Road-Rajkot-37641/Home,4.9,152,,10 PM,Open · Closes 10 PM,"https://www.google.com/maps/place/Lenskart.com+at+Kotecha+Chowk,+Rajkot+(First+Lens+Replacement+Free)/@22.2760909,70.7621315,14z/data=!4m10!1m2!2m1!1sEye+clinics+in+360024+Rajkot+eye+hospitals!3m6!1s0x3959cb0a0f9b7b3f:0x352cc04c9cfa025c!8m2!3d22.2911377!4d70.7794064!15sCipFeWUgY2xpbmljcyBpbiAzNjAwMjQgUmFqa290IGV5ZSBob3NwaXRhbHNaLCIqZXllIGNsaW5pY3MgaW4gMzYwMDI0IHJhamtvdCBleWUgaG9zcGl0YWxzkgEIb3B0aWNpYW7gAQA!16s%2Fg%2F11q4hzcf6w?hl=en&entry=ttu&g_ep=EgoyMDI2MDgxOS4wIKXMDSoASAFQAw%3D%3D",22.2760909,70.7621315,360024,Eye clinics in 360024 Rajkot eye hospitals,2026-08-24 11:59:26
Rotary Lalitaalay Hospital,Hospital,,,,,"6,Geet Gurjari Society On Road Airport Main Rd opp. of Hotel Patria Suites",Geet Gurjari Society On Road Airport Main Rd opp. of Hotel Patria Suites,Rajkot,India,360024,9409330034,http://rotaryrajkotmidtown.org/,4.8,152,,7 PM,Open · Closes 7 PM,"https://www.google.com/maps/place/Rotary+Lalitaalay+Hospital/@22.2911377,70.7412976,14z/data=!4m10!1m2!2m1!1sEye+clinics+in+360024+Rajkot+eye+hospitals!3m6!1s0x3959c9896dd5916b:0x90a8c5c3edfaa7a6!8m2!3d22.3043643!4d70.781106!15sCipFeWUgY2xpbmljcyBpbiAzNjAwMjQgUmFqa290IGV5ZSBob3NwaXRhbHNaLCIqZXllIGNsaW5pY3MgaW4gMzYwMDI0IHJhamtvdCBleWUgaG9zcGl0YWxzkgEIaG9zcGl0YWyaAURDaTlEUVVsUlFVTnZaRU5vZEhsalJqbHZUMjEwTTA0eFVuVmhNV3haVjBVd2QxTkhaRFpPUjA0MlZVUmFiVTVHUlJBQuABAPoBBQinARA4!16s%2Fg%2F11hbnk3b9c?hl=en&entry=ttu&g_ep=EgoyMDI2MDgxOS4wIKXMDSoASAFQAw%3D%3D",22.2911377,70.7412976,360024,Eye clinics in 360024 Rajkot eye hospitals,2026-08-24 11:59:33
Shree Ranchoddasji Ashram Rajkot,Hospital,,,,,8R59+93V Kuvadva Rd,Kuvadva Rd,Rajkot,India,360024,9586308178,,4.7,152,,10 PM,Open · Closes 10 PM,"https://www.google.com/maps/place/Shree+Ranchoddasji+Ashram+Rajkot/@22.3084842,70.7795539,14z/data=!4m10!1m2!2m1!1sEye+clinics+in+360024+Rajkot+eye+hospitals!3m6!1s0x3959b6012dff7b49:0xbdd09730d49d4292!8m2!3d22.3084842!4d70.8176627!15sCipFeWUgY2xpbmljcyBpbiAzNjAwMjQgUmFqa290IGV5ZSBob3NwaXRhbHNaLCIqZXllIGNsaW5pY3MgaW4gMzYwMDI0IHJhamtvdCBleWUgaG9zcGl0YWxzkgEGYXNocmFtmgFEQ2k5RFFVbFJRVU52WkVOb2RIbGpSamx2VDIxb1RrMUhUWGRWVjFaNVVWVk9NRTB5YUhWYWJIQmhZMFZvYldNeVl4QULgAQD6AQQIQxBF!16s%2Fg%2F1tdfg2bw?hl=en&entry=ttu&g_ep=EgoyMDI2MDgxOS4wIKXMDSoASAFQAw%3D%3D",22.3084842,70.7795539,360024,Eye clinics in 360024 Rajkot eye hospitals,2026-08-24 11:59:37
Lenskart.com at 150 Feet Ring Road Rajkot (First Lens Replacement Free),Hospital,,,,,TWIN STAR Circle Plot No A51 Ground Floor Shope No 18 150 Feet Ring Rd,TWIN STAR Circle Plot No A51 Ground Floor Shope No 18 150 Feet Ring Rd,Rajkot,India,360024,8929277340,https://www.lenskart.com/stores/lenskart-com-150-Feet-Ring-Road-Nanamava-Circle-Rajkot-718676/Home,4.9,152,,10 PM,Open · Closes 10 PM,"https://www.google.com/maps/place/Lenskart.com+at+150+Feet+Ring+Road,+Rajkot+(First+Lens+Replacement+Free)/@22.2728461,70.7416444,14z/data=!4m10!1m2!2m1!1sEye+clinics+in+360024+Rajkot+eye+hospitals!3m6!1s0x3959cb7ba8d822f1:0xb359e0a0696f71dc!8m2!3d22.2728461!4d70.7797532!15sCipFeWUgY2xpbmljcyBpbiAzNjAwMjQgUmFqa290IGV5ZSBob3NwaXRhbHNaLCIqZXllIGNsaW5pY3MgaW4gMzYwMDI0IHJhamtvdCBleWUgaG9zcGl0YWxzkgEIb3B0aWNpYW7gAQA!16s%2Fg%2F11swrsyx5x?hl=en&entry=ttu&g_ep=EgoyMDI2MDgxOS4wIKXMDSoASAFQAw%3D%3D",22.2728461,70.7416444,360024,Eye clinics in 360024 Rajkot eye hospitals,2026-08-24 11:59:51
Lenskart.com at Bombay Super Mall Rajkot,Hospital,,,,,Bombay Super Mall Kuvadva Rd opposite Bharat Petrol Pump,Bombay Super Mall Kuvadva Rd opposite Bharat Petrol Pump,Rajkot,India,360024,080 4879 4448,https://stores.lenskart.com/lenskart-com-bombay-super-mall-rajkot--rajkot-628436/Home#book,5.0,152,,10 PM,Open · Closes 10 PM,"https://www.google.com/maps/place/Lenskart.com+at+Bombay+Super+Mall,+Rajkot/@22.3064033,70.7759,14z/data=!4m10!1m2!2m1!1sEye+clinics+in+360024+Rajkot+eye+hospitals!3m6!1s0x3959b79a5f752c13:0x7bbae972e818f2f2!8m2!3d22.3064033!4d70.8140088!15sCipFeWUgY2xpbmljcyBpbiAzNjAwMjQgUmFqa290IGV5ZSBob3NwaXRhbHNaLCIqZXllIGNsaW5pY3MgaW4gMzYwMDI0IHJhamtvdCBleWUgaG9zcGl0YWxzkgEIb3B0aWNpYW7gAQA!16s%2Fg%2F11yrh7lpgx?hl=en&entry=ttu&g_ep=EgoyMDI2MDgxOS4wIKXMDSoASAFQAw%3D%3D",22.3064033,70.7759,360024,Eye clinics in 360024 Rajkot eye hospitals,2026-08-24 12:00:48
Dr Lalseta's Shraddha Hospital,Hospital,,,,,Shri Giriraj Hospital Marg off 150 Feet Ring Road,Shri Giriraj Hospital Marg off 150 Feet Ring Road,Rajkot,India,360024,9484883983,http://shraddhaaesthetics.com/,4.6,152,,9 PM,Open · Closes 9 PM,"https://www.google.com/maps/place/Dr+Lalseta's+Shraddha+Hospital/@22.3064033,70.7759,14z/data=!4m10!1m2!2m1!1sEye+clinics+in+360024+Rajkot+eye+hospitals!3m6!1s0x3959cbe44963500f:0x4ec706bcd686c122!8m2!3d22.2830223!4d70.7724641!15sCipFeWUgY2xpbmljcyBpbiAzNjAwMjQgUmFqa290IGV5ZSBob3NwaXRhbHNaLCIqZXllIGNsaW5pY3MgaW4gMzYwMDI0IHJhamtvdCBleWUgaG9zcGl0YWxzkgEIaG9zcGl0YWyaASRDaGREU1VoTk1HOW5TMFZKUTBGblNVUkNhWEV5UVRCblJSQULgAQD6AQQIABAY!16s%2Fg%2F11f6gj8p4l?hl=en&entry=ttu&g_ep=EgoyMDI2MDgxOS4wIKXMDSoASAFQAw%3D%3D",22.3064033,70.7759,360024,Eye clinics in 360024 Rajkot eye hospitals,2026-08-24 12:00:51
Saurashtra Multispeciality Hospital,Hospital,,,,,Dhebar Rd above anand medicines,Dhebar Rd above anand medicines,Rajkot,India,360024,,,4.8,152,12:00 AM,11:59 PM,Open 24 hours,"https://www.google.com/maps/place/Saurashtra+Multispeciality+Hospital/@22.2796616,70.7620224,14z/data=!4m10!1m2!2m1!1sEye+clinics+in+360024+Rajkot+eye+hospitals!3m6!1s0x3959cbfc85d7bedf:0xda8c66d103c3cc28!8m2!3d22.2796616!4d70.8001312!15sCipFeWUgY2xpbmljcyBpbiAzNjAwMjQgUmFqa290IGV5ZSBob3NwaXRhbHNaLCIqZXllIGNsaW5pY3MgaW4gMzYwMDI0IHJhamtvdCBleWUgaG9zcGl0YWxzkgEIaG9zcGl0YWyaASNDaFpEU1VoTk1HOW5TMFZKUTBGblNVTmlkVXhtTUZOUkVBReABAPoBBAgAED4!16s%2Fg%2F11szbrfjv5?hl=en&entry=ttu&g_ep=EgoyMDI2MDgxOS4wIKXMDSoASAFQAw%3D%3D",22.2796616,70.7620224,360024,Eye clinics in 360024 Rajkot eye hospitals,2026-08-24 12:01:06
Dr. Aakash R. Doshi - Infectious Diseases Specialist in Rajkot,Hospital,,,,,5th Floor Shraddha Eye hospital SIDC Jalaram 3 150 Feet Ring Rd,5th Floor Shraddha Eye hospital SIDC Jalaram 3 150 Feet Ring Rd,Rajkot,India,360024,9426401759,,4.6,152,,6:30 PM,Open · Closes 6:30 PM,"https://www.google.com/maps/place/Dr.+Aakash+R.+Doshi+-+Infectious+Diseases+Specialist+in+Rajkot/@22.2901388,70.7325061,14z/data=!4m10!1m2!2m1!1sEye+clinics+in+360024+Rajkot+eye+hospitals!3m6!1s0x3959cbdfa4d81f6b:0x3310197c2c6f65d8!8m2!3d22.2901388!4d70.7706149!15sCipFeWUgY2xpbmljcyBpbiAzNjAwMjQgUmFqa290IGV5ZSBob3NwaXRhbHNaLCIqZXllIGNsaW5pY3MgaW4gMzYwMDI0IHJhamtvdCBleWUgaG9zcGl0YWxzkgEcaW5mZWN0aW91c19kaXNlYXNlX3BoeXNpY2lhbpoBI0NoWkRTVWhOTUc5blMwVkpRMEZuU1VSTWRrOVVTVmQzRUFF4AEA-gEECAAQQQ!16s%2Fg%2F11j7y_g470?hl=en&entry=ttu&g_ep=EgoyMDI2MDgxOS4wIKXMDSoASAFQAw%3D%3D",22.2901388,70.7325061,360024,Eye clinics in 360024 Rajkot eye hospitals,2026-08-24 12:01:10
𝗚𝘂𝗿𝘂𝗸𝗿𝘂𝗽𝗮 𝗘𝘆𝗲 𝗖𝗮𝗿𝗲 - Eye Doctor Best Eye Specialist Eye Checkup Best Eye Clinic Best Eye Hospital in Rajkot,Hospital,,,,,Third floor Saket Hospital Nana Mava Rd,Third floor Saket Hospital Nana Mava Rd,Rajkot,India,360002,7859892282,https://gurukrupaeyecare.in/,5.0,365,,1 PM,Open · Closes 1 PM,"https://www.google.com/maps/place/%F0%9D%97%9A%F0%9D%98%82%F0%9D%97%BF%F0%9D%98%82%F0%9D%97%B8%F0%9D%97%BF%F0%9D%98%82%F0%9D%97%BD%F0%9D%97%AE+%F0%9D%97%98%F0%9D%98%86%F0%9D%97%B2+%F0%9D%97%96%F0%9D%97%AE%F0%9D%97%BF%F0%9D%97%B2+-+Eye+Doctor+%7C+Best+Eye+Specialist+%7C+Eye+Checkup+%7C+Best+Eye+Clinic+%7C+Best+Eye+Hospital+in+Rajkot/@22.2770205,70.741324,14z/data=!4m10!1m2!2m1!1sEye+clinics+in+360002+Rajkot+eye+hospitals!3m6!1s0x3959cb3ae15a8945:0x220e1d29ca63c9d2!8m2!3d22.278697!4d70.7826877!15sCipFeWUgY2xpbmljcyBpbiAzNjAwMDIgUmFqa290IGV5ZSBob3NwaXRhbHNaLCIqZXllIGNsaW5pY3MgaW4gMzYwMDAyIHJhamtvdCBleWUgaG9zcGl0YWxzkgEPZXllX2NhcmVfY2VudGVy4AEA!16s%2Fg%2F11ks6tvvf6?hl=en&entry=ttu&g_ep=EgoyMDI2MDgxOS4wIKXMDSoASAFQAw%3D%3D",22.2770205,70.741324,360002,Eye clinics in 360002 Rajkot eye hospitals,2026-08-24 12:02:32
Maheshwari Eye Care Hospital,Hospital,,,,,Panchnath Rd Opposite Raj Cooperative Bank,Panchnath Rd Opposite Raj Cooperative Bank,Rajkot,India,360002,9081877771,,4.7,365,,7:30 PM,Open · Closes 7:30 PM,"https://www.google.com/maps/place/Maheshwari+Eye+Care+Hospital/@22.2770205,70.741324,14z/data=!4m10!1m2!2m1!1sEye+clinics+in+360002+Rajkot+eye+hospitals!3m6!1s0x3959ca1ca2c44655:0xccd6597519723af6!8m2!3d22.2976902!4d70.8011747!15sCipFeWUgY2xpbmljcyBpbiAzNjAwMDIgUmFqa290IGV5ZSBob3NwaXRhbHOSARBwcml2YXRlX2hvc3BpdGFs4AEA!16s%2Fg%2F11b7k7tfh1?hl=en&entry=ttu&g_ep=EgoyMDI2MDgxOS4wIKXMDSoASAFQAw%3D%3D",22.2770205,70.741324,360002,Eye clinics in 360002 Rajkot eye hospitals,2026-08-24 12:02:52
Iconic Eye Hospital & Laser Centre,Hospital,,,,,"Seth School Utsav Corporate Park KKV Hall Circle C Kalavad Rd opp. G,T",Seth School Utsav Corporate Park KKV Hall Circle C Kalavad Rd opp. G,Rajkot,India,360002,8088838485,,5.0,365,,1 PM,Open · Closes 1 PM,"https://www.google.com/maps/place/Iconic+Eye+Hospital+%26+Laser+Centre/@22.294163,70.7439874,14z/data=!4m10!1m2!2m1!1sEye+clinics+in+360002+Rajkot+eye+hospitals!3m6!1s0x3959cb004ebc247b:0x58c4bac9b4d96f0c!8m2!3d22.2855912!4d70.7718215!15sCipFeWUgY2xpbmljcyBpbiAzNjAwMDIgUmFqa290IGV5ZSBob3NwaXRhbHNaLCIqZXllIGNsaW5pY3MgaW4gMzYwMDAyIHJhamtvdCBleWUgaG9zcGl0YWxzkgEIaG9zcGl0YWyaASRDaGREU1VoTk1HOW5TMFZKUTBGblNVTjJPV010TTJ0blJSQULgAQD6AQQIKBBK!16s%2Fg%2F11y9mq6hqk?hl=en&entry=ttu&g_ep=EgoyMDI2MDgxOS4wIKXMDSoASAFQAw%3D%3D",22.294163,70.7439874,360002,Eye clinics in 360002 Rajkot eye hospitals,2026-08-24 12:04:14
